shortName,state,sector,overallRisk,dividendRate,marketCap,enterpriseValue,profitMargins,recommendationKey,totalCash,totalCashPerShare,totalDebt,totalRevenue,revenueGrowth
Apple Inc.,CA,Technology,1.0,1.0,3441752014848.0,3496467759104.0,0.26441,buy,61801000960.0,4.065,101304000512.0,385603010560.0,0.049
Microsoft Corporation,WA,Technology,1.0,3.32,3211890786304.0,3212358189056.0,0.35956,buy,75531001856.0,10.162,97851998208.0,245122007040.0,0.152
Alphabet Inc.,CA,Communication Services,,0.8,1997491404800.0,1942402367488.0,0.26702,buy,100724998144.0,8.182,28718999552.0,328284012544.0,0.136
"Amazon.com, Inc.",WA,Consumer Cyclical,9.0,,2020717756416.0,2104470142976.0,0.0735,buy,89091997696.0,8.489,157841997824.0,604333998080.0,0.101
"Tesla, Inc.",TX,Consumer Cyclical,10.0,,821086322688.0,794891190272.0,0.12996,hold,30720000000.0,9.616,12515000320.0,95317999616.0,0.023
NVIDIA Corporation,CA,Technology,8.0,0.04,3029700444160.0,2940155985920.0,0.55041003,buy,34800001024.0,1.419,10014999552.0,96307003392.0,1.224
JP Morgan Chase & Co.,NY,Financial Services,4.0,5.0,598024192000.0,87134404608.0,0.33558,buy,1457527980032.0,512.282,918753968128.0,160995000320.0,0.317
Johnson & Johnson,NJ,Healthcare,4.0,4.96,386602762240.0,407867129856.0,0.43912998,buy,25475000320.0,10.583,41491001344.0,86575996928.0,0.043
Visa Inc.,CA,Financial Services,3.0,2.08,524667650048.0,626745212928.0,0.54717,buy,16643999744.0,7.307,20601999360.0,34917998592.0,0.096
UnitedHealth Group Incorporated,MN,Healthcare,2.0,8.4,532175028224.0,584790900736.0,0.03659,buy,31323000832.0,33.921,75097997312.0,385439006720.0,0.064
"Home Depot, Inc. (The)",GA,Consumer Cyclical,2.0,9.0,394267787264.0,461767933952.0,0.09713,buy,1612999936.0,1.624,65408000000.0,152089001984.0,0.006
Bank of America Corporation,NC,Financial Services,2.0,1.04,304563519488.0,243425329152.0,0.25874,buy,850838028288.0,109.65,761600016384.0,94756003840.0,-0.008
Walmart Inc.,AR,Consumer Defensive,3.0,0.83,654313586688.0,709129732096.0,0.02339,buy,8810999808.0,1.096,63146000384.0,665035014144.0,0.048
Procter & Gamble Company (The),OH,Consumer Defensive,4.0,4.03,404761051136.0,433128800256.0,0.17705,buy,9482000384.0,4.028,33724999680.0,84039000064.0,-0.001
Mastercard Incorporated,NY,Financial Services,1.0,2.64,452171071488.0,458594418688.0,0.46449003,buy,7358000128.0,7.965,15605000192.0,26389999616.0,0.11
"Pfizer, Inc.",NY,Healthcare,7.0,1.68,163937632256.0,230200508416.0,-0.04704,buy,7100000256.0,1.253,69858000896.0,55166001152.0,0.021
Exxon Mobil Corporation,TX,Energy,7.0,3.8,509903568896.0,544619855872.0,0.098979995,buy,26460000256.0,5.956,43185999872.0,345134989312.0,0.12
Walt Disney Company (The),CA,Communication Services,3.0,0.9,170332372992.0,216452038656.0,0.053049996,buy,5953999872.0,3.279,47584002048.0,90027999232.0,0.037
Coca-Cola Company (The),GA,Consumer Defensive,2.0,1.94,307940196352.0,335043887104.0,0.22916001,buy,19000000512.0,4.408,45063000064.0,46464999424.0,0.033
"Cisco Systems, Inc.",CA,Technology,1.0,1.6,210111938560.0,223232393216.0,0.19181,buy,18603999232.0,4.662,32242999296.0,53802999808.0,-0.103
Broadcom Inc.,CA,Technology,9.0,2.12,819780255744.0,101238243328.0,0.108830005,buy,11105000448.0,27.019,40456998912.0,46814998528.0,0.164
Eli Lilly and Company,IN,Healthcare,5.0,5.2,832497844224.0,858115604480.0,0.18863001,buy,3366200064.0,3.738,29027700736.0,38922801152.0,0.36
"Nike, Inc.",OR,Consumer Cyclical,10.0,1.48,131943677952.0,131534929920.0,0.11098,buy,11582000128.0,7.725,11982999552.0,51362000896.0,-0.017
Adobe Inc.,CA,Technology,1.0,,229636866048.0,231774142464.0,0.25588,buy,7514999808.0,16.888,6078000128.0,20946999296.0,0.106
Chevron Corporation,CA,Energy,1.0,6.52,261269553152.0,289879818240.0,0.09593,buy,4008000000.0,2.191,23183998976.0,195151003648.0,0.048
"Pepsico, Inc.",NY,Consumer Defensive,5.0,5.42,232682749952.0,271790424064.0,0.10341,buy,6668000256.0,4.854,44927000576.0,92054003712.0,0.008
Abbott Laboratories,IL,Healthcare,7.0,2.2,195930144768.0,205068009472.0,0.13645001,buy,7218999808.0,4.149,14844999680.0,40725000192.0,0.04
"Netflix, Inc.",CA,Communication Services,9.0,,309668282368.0,319836717056.0,0.19543,buy,6655911936.0,15.509,16524193792.0,36304244736.0,0.168
Thermo Fisher Scientific Inc,MA,Healthcare,3.0,1.56,229113577472.0,260442439680.0,0.14689,buy,8823000064.0,23.097,35427000320.0,42346000384.0,-0.014
AbbVie Inc.,IL,Healthcare,6.0,6.2,337830182912.0,399629189120.0,0.09707,buy,13157000192.0,7.449,70938001408.0,54999998464.0,0.043
Costco Wholesale Corporation,WA,Consumer Defensive,2.0,4.64,402734383104.0,397482262528.0,0.028269999,buy,11498999808.0,25.937,9297000448.0,253695000576.0,0.091
Oracle Corporation,TX,Technology,10.0,1.6,460756910080.0,533483487232.0,0.20396,buy,10910999552.0,3.938,84514996224.0,53815001088.0,0.069
Comcast Corporation,PA,Communication Services,10.0,1.24,157184770048.0,252911943680.0,0.1246,buy,6064999936.0,1.566,98128003072.0,121113001984.0,-0.027
"Salesforce, Inc.",CA,Technology,9.0,1.6,262030032896.0,258092646400.0,0.15445,buy,12636000256.0,13.218,12188000256.0,36465000448.0,0.084
Verizon Communications Inc.,NY,Communication Services,1.0,2.71,187534114816.0,365207158784.0,0.08382,buy,2487000064.0,0.591,178329993216.0,134243000320.0,0.006
"PayPal Holdings, Inc.",CA,Financial Services,8.0,,79087452160.0,79431598080.0,0.14303,buy,13616000000.0,13.319,12958000128.0,31028000768.0,0.082
Wells Fargo & Company,CA,Financial Services,5.0,1.6,182476111872.0,131943194624.0,0.23956,buy,389349998592.0,114.388,318618992640.0,78234001408.0,0.034
Intel Corporation,CA,Technology,5.0,0.5,100657045504.0,126496563200.0,0.017690001,hold,29272999936.0,6.846,53028999168.0,55120998400.0,-0.009
Danaher Corporation,DC,Healthcare,8.0,1.08,193466417152.0,213871820800.0,0.17834,buy,2374000128.0,3.287,18210000896.0,23567998976.0,-0.029
"Merck & Company, Inc.",NJ,Healthcare,4.0,3.08,290818785280.0,317901668352.0,0.21985,buy,11354000384.0,4.479,37788000256.0,62479998976.0,0.072
QUALCOMM Incorporated,CA,Technology,2.0,3.4,187452784640.0,187504295936.0,0.23326,buy,13031999488.0,11.698,14554000384.0,37348999168.0,0.111
McDonald's Corporation,IL,Consumer Cyclical,6.0,6.68,215540039680.0,266661658624.0,0.3225,buy,792000000.0,1.104,52057001984.0,25757700096.0,-0.001
"United Parcel Service, Inc.",GA,Industrials,9.0,6.52,112648568832.0,130883960832.0,0.0587,buy,6531999744.0,7.626,26449000448.0,89501999104.0,-0.011
AT&T Inc.,TX,Communication Services,1.0,1.11,154590363648.0,317269573632.0,0.10414,buy,3155000064.0,0.44,149605007360.0,122197000192.0,-0.004
Morgan Stanley,NY,Financial Services,9.0,3.7,165571788800.0,54394449920.0,0.18556,hold,528662986752.0,326.766,407455006720.0,56116998144.0,0.124
Charles Schwab Corporation (The,TX,Financial Services,10.0,1.0,117150941184.0,138852696064.0,0.26438,buy,50696998912.0,27.713,62220001280.0,18397999104.0,0.007
"NextEra Energy, Inc.",FL,Utilities,4.0,2.06,173923729408.0,264623751168.0,0.24445,buy,1551000064.0,0.755,82632998912.0,25849999360.0,-0.174
"Lowe's Companies, Inc.",NC,Consumer Cyclical,4.0,4.6,150315892736.0,186858946560.0,0.08248,buy,4360000000.0,7.686,40296001536.0,84023001088.0,-0.055
Texas Instruments Incorporated,TX,Technology,8.0,5.44,187229208576.0,191322636288.0,0.33009997,hold,9688000512.0,10.611,13891000320.0,16092000256.0,-0.156
Union Pacific Corporation,NE,Industrials,1.0,5.36,149558116352.0,183705845760.0,0.26904,buy,1156999936.0,1.899,33197000704.0,24138000384.0,0.007
Intuit Inc.,CA,Technology,2.0,4.16,177912545280.0,,0.18195,buy,,,,16284999680.0,0.41
"Advanced Micro Devices, Inc.",CA,Technology,6.0,,262226132992.0,253143040000.0,0.05817,buy,5340000256.0,3.299,2244999936.0,23275999232.0,0.089
Philip Morris International Inc,CT,Consumer Defensive,5.0,5.4,189203611648.0,234648485888.0,0.24154,buy,4807000064.0,3.092,49195999232.0,36449001472.0,0.056
Honeywell International Inc.,NC,Industrials,6.0,4.32,134338961408.0,153151012864.0,0.15493,buy,9806999552.0,15.095,29030000640.0,37333999616.0,0.047
Blackstone Inc.,NY,Financial Services,10.0,3.39,186593296384.0,135409057792.0,0.20245,buy,2570481920.0,3.57,12690731008.0,9857024000.0,-0.026
Bristol-Myers Squibb Company,NJ,Healthcare,4.0,2.4,101268627456.0,150680502272.0,-0.14064,hold,6653000192.0,3.282,54003998720.0,46508998656.0,0.087
CVS Health Corporation,RI,Healthcare,1.0,2.66,73767952384.0,140804440064.0,0.01987,buy,16261999616.0,12.927,83822002176.0,361854992384.0,0.025
"T-Mobile US, Inc.",WA,Communication Services,10.0,3.52,237218037760.0,343687987200.0,0.119540006,buy,6416999936.0,5.5,115068002304.0,79095996416.0,0.03
"BlackRock, Inc.",NY,Financial Services,9.0,20.4,138766303232.0,142692974592.0,0.32361,buy,10545000448.0,71.188,11678000128.0,18685999104.0,0.077
RTX Corporation,VA,Industrials,5.0,2.52,160826015744.0,199120273408.0,0.031240001,hold,6010999808.0,4.513,43565998080.0,72417001472.0,0.077
American Express Company,NY,Financial Services,3.0,2.8,189223452672.0,189831790592.0,0.16927,buy,52605001728.0,73.997,53184999424.0,58106998784.0,0.087
"Applied Materials, Inc.",CA,Technology,1.0,1.6,162663137280.0,159794233344.0,0.27743,buy,9102999552.0,11.042,6671000064.0,26854000640.0,0.055
"Goldman Sachs Group, Inc. (The)",NY,Financial Services,6.0,12.0,155102019584.0,-133152415744.0,0.2299,buy,1013968011264.0,3043.794,701744021504.0,48895000576.0,0.211
"Citigroup, Inc.",NY,Financial Services,1.0,2.15,115192971264.0,30435393536.0,0.11892,buy,779832000512.0,408.761,674251997184.0,69750996992.0,0.006
Amgen Inc.,CA,Healthcare,2.0,9.0,168108752896.0,231156989952.0,0.10118,buy,9301000192.0,17.31,62644998144.0,30933999616.0,0.201
"Estee Lauder Companies, Inc. (T",NY,Consumer Defensive,10.0,2.64,32885610496.0,39425990656.0,0.02499,hold,3395000064.0,9.464,9825999872.0,15608000512.0,0.073
Boeing Company (The),VA,Industrials,9.0,,93801463808.0,141326008320.0,-0.04678,buy,12600000512.0,20.449,57927000064.0,73557000192.0,-0.146
Starbucks Corporation,WA,Consumer Cyclical,1.0,2.28,108356583424.0,128974643200.0,0.11161,buy,3391399936.0,2.993,25327300608.0,36475899904.0,-0.006
American Tower Corporation (REI,MA,Real Estate,1.0,6.48,110058528768.0,161915699200.0,0.21954,buy,2492100096.0,5.335,47389499392.0,11339700224.0,0.046
"Caterpillar, Inc.",TX,Industrials,6.0,5.64,183412670464.0,220972728320.0,0.16584998,hold,3480999936.0,7.179,37311000576.0,66368000000.0,-0.036
International Business Machines,NY,Technology,4.0,6.68,203785568256.0,249771114496.0,0.13518,buy,13690999808.0,14.863,59839000576.0,62363000832.0,0.019
"Prologis, Inc.",CA,Real Estate,8.0,3.84,116099973120.0,151852204032.0,0.34867,buy,599742016.0,0.648,30515324928.0,8104100864.0,-0.163
Deere & Company,IL,Industrials,7.0,5.88,111336046592.0,173383434240.0,0.14698,buy,5801999872.0,21.206,66679001088.0,55955001344.0,-0.168
"Intuitive Surgical, Inc.",CA,Healthcare,3.0,,172129927168.0,167464566784.0,0.27649,buy,4757199872.0,13.387,,7572499968.0,0.145
"ServiceNow, Inc.",CA,Technology,5.0,,183218896896.0,186971521024.0,0.11512,buy,5413000192.0,26.295,2255000064.0,9955000320.0,0.222
GE Aerospace,OH,Industrials,4.0,1.12,205292421120.0,211577421824.0,0.06836,buy,15144999936.0,13.967,20827000832.0,69410996224.0,0.039
Target Corporation,MN,Consumer Defensive,2.0,4.48,71436877824.0,87613169664.0,0.04182,buy,3496999936.0,7.591,19161999360.0,107300003840.0,0.027
"Charter Communications, Inc.",CT,Communication Services,10.0,,44890611712.0,146954797056.0,0.08507,hold,602000000.0,4.217,97564999680.0,54658998272.0,0.002
S&P Global Inc.,NY,Financial Services,3.0,3.64,161138655232.0,176260431872.0,0.25030002,buy,2038000000.0,6.511,12026999808.0,13276000256.0,0.144
ConocoPhillips,TX,Energy,5.0,3.12,122778968064.0,138806722560.0,0.18396999,buy,6016999936.0,5.181,18352001024.0,58080002048.0,0.099
"Micron Technology, Inc.",ID,Technology,1.0,0.46,106193600512.0,109787086848.0,-0.07201,buy,8378999808.0,7.557,13934999552.0,21371000832.0,0.815
"Airbnb, Inc.",CA,Consumer Cyclical,10.0,,82664013824.0,74174038016.0,0.46111,hold,11251000320.0,17.79,2273999872.0,10504999936.0,0.106
3M Company,MN,Industrials,9.0,2.8,75041759232.0,78907301888.0,0.02891,buy,10337999872.0,18.818,13790999552.0,32614000640.0,-0.004
"Automatic Data Processing, Inc.",NJ,Technology,2.0,5.6,112254099456.0,113697660928.0,0.19539,hold,2913400064.0,7.144,3798599936.0,19202600960.0,0.065
Booking Holdings Inc. Common St,CT,Consumer Cyclical,1.0,35.0,139987845120.0,141060145152.0,0.22456,buy,16327000064.0,487.019,17336999936.0,22399000576.0,0.073
Zoetis Inc.,NJ,Healthcare,3.0,1.73,86772858880.0,92945448960.0,0.26293,buy,1574000000.0,3.474,6774000128.0,8915000320.0,0.083
Stryker Corporation,MI,Healthcare,5.0,3.2,136996462592.0,148355203072.0,0.1612,buy,1956999936.0,5.135,12743999488.0,21389000704.0,0.085
Lockheed Martin Corporation,MD,Industrials,6.0,12.6,137756622848.0,154655096832.0,0.09478,buy,2523000064.0,10.585,19256999936.0,71068999680.0,0.086
Ford Motor Company,MI,Consumer Cyclical,10.0,0.6,41422102528.0,169697968128.0,0.021270001,hold,26435999744.0,6.65,152894996480.0,180347994112.0,0.063
"PNC Financial Services Group, I",PA,Financial Services,2.0,6.4,72252850176.0,145949753344.0,0.25526,buy,8817000448.0,22.181,75096997888.0,20398999552.0,0.006
Lam Research Corporation,CA,Technology,1.0,9.2,104387837952.0,102162898944.0,0.2568,buy,5847856128.0,45.026,5271050240.0,14905385984.0,0.207
"Mondelez International, Inc.",IL,Consumer Defensive,5.0,1.88,98929352704.0,117937758208.0,0.10971,buy,1399000064.0,1.047,20245000192.0,35975999488.0,-0.019
Snowflake Inc.,MT,Technology,9.0,,37750226944.0,34800893952.0,-0.31733,buy,3230507008.0,9.638,312812000.0,3206404096.0,0.289
"Altria Group, Inc.",VA,Consumer Defensive,2.0,4.08,87085473792.0,110615625728.0,0.50052,hold,1799000064.0,1.054,25023000576.0,20295000064.0,-0.03
U.S. Bancorp,MN,Financial Services,1.0,2.0,69832818688.0,84052860928.0,0.21079001,buy,68543000576.0,43.923,74100998144.0,25105999872.0,-0.008
General Motors Company,MI,Consumer Cyclical,9.0,0.48,51396861952.0,162590932992.0,0.0622,buy,23428999168.0,20.846,128725999616.0,178092998656.0,0.072
"Gilead Sciences, Inc.",CA,Healthcare,2.0,3.08,102350626816.0,123802886144.0,0.03791,buy,3780999936.0,3.037,23349999616.0,27804999680.0,0.054
"TJX Companies, Inc. (The)",MA,Consumer Cyclical,7.0,1.5,133235277824.0,140095242240.0,0.08563,buy,5249999872.0,4.655,12650999808.0,55623000064.0,0.056
"Analog Devices, Inc.",MA,Technology,9.0,3.68,112525172736.0,118440476672.0,0.17068,buy,2545699072.0,5.127,8118322176.0,9700435968.0,-0.248
Truist Financial Corporation,NC,Financial Services,7.0,2.08,55882309632.0,74474242048.0,-0.12739,buy,49870000128.0,37.24,61454000128.0,14232000512.0,
"Moderna, Inc.",MA,Healthcare,9.0,,24462960640.0,17359282176.0,-1.16178,hold,8488000000.0,22.081,1268999936.0,5049999872.0,-0.299
Sherwin-Williams Company (The),OH,Basic Materials,8.0,2.86,96155705344.0,107871059968.0,0.10922,buy,200000000.0,0.797,12299499520.0,23007700992.0,0.005
Crown Castle Inc.,TX,Real Estate,4.0,6.26,50735697920.0,80235511808.0,0.18008,hold,155000000.0,0.357,29380999168.0,6608000000.0,-0.129
CSX Corporation,FL,Industrials,4.0,0.48,64986566656.0,84083572736.0,0.246,buy,1242000000.0,0.641,19132999680.0,14634000384.0,0.001
"Marsh & McLennan Companies, Inc",NY,Financial Services,1.0,3.26,110094336000.0,123759591424.0,0.16974,hold,1652999936.0,3.361,15434999808.0,23630000128.0,0.059
CME Group Inc.,IL,Financial Services,10.0,4.6,78328299520.0,80497115136.0,0.57071996,buy,1911600000.0,5.309,3849999872.0,5787800064.0,0.127
"Uber Technologies, Inc.",CA,Technology,8.0,,162066513920.0,169134571520.0,0.0502,buy,6291999744.0,2.995,11297000448.0,40058998784.0,0.159
Duke Energy Corporation (Holdin,NC,Utilities,2.0,4.18,89737592832.0,175604957184.0,0.14515,buy,390000000.0,0.505,83373998080.0,29590999040.0,0.09
"HCA Healthcare, Inc.",TN,Healthcare,5.0,2.64,104548352000.0,148488929280.0,0.083950005,buy,918000000.0,3.557,42773999616.0,68346998784.0,0.103
"Rivian Automotive, Inc.",CA,Consumer Cyclical,9.0,,11121217536.0,10200960000.0,-1.15497,buy,7866999808.0,7.802,6129999872.0,5014000128.0,0.033
The Cigna Group,CT,Healthcare,5.0,5.6,97523458048.0,123863244800.0,0.01717,buy,7664999936.0,27.419,32604999680.0,216007999488.0,0.244
Illinois Tool Works Inc.,IL,Industrials,3.0,6.0,76618014720.0,84366589952.0,0.19152,hold,862000000.0,2.903,8472999936.0,16014000128.0,-0.012
Edwards Lifesciences Corporatio,CA,Healthcare,3.0,,39402987520.0,38727593984.0,0.23741,buy,1989799936.0,3.303,693000000.0,6204400128.0,0.07
Intercontinental Exchange Inc.,GA,Financial Services,4.0,1.8,91546943488.0,112447053824.0,0.26251,buy,885000000.0,1.541,22129999872.0,8810999808.0,0.227
Southern Company (The),GA,Utilities,1.0,2.88,97799823360.0,166244384768.0,0.17632,buy,1152000000.0,1.052,65519001600.0,26133999616.0,0.124
"Becton, Dickinson and Company",NJ,Healthcare,3.0,3.8,67982671872.0,82501599232.0,0.07126,buy,5310000128.0,18.371,19323000832.0,19828000768.0,0.023
Norfolk Southern Corporation,GA,Industrials,10.0,5.4,55009157120.0,73296994304.0,0.14845,buy,659000000.0,2.915,18126000128.0,12092000256.0,0.021
Fidelity National Information S,FL,Technology,6.0,1.6,44905537536.0,54959906816.0,0.07733,buy,2131000064.0,3.906,11242999808.0,9957000192.0,0.027
Colgate-Palmolive Company,NY,Consumer Defensive,1.0,2.0,84772773888.0,92505473024.0,0.14208001,buy,1335000064.0,1.634,8675999744.0,19989000192.0,0.049
"Marvell Technology, Inc.",DE,Technology,5.0,0.24,61656117248.0,65238638592.0,-0.18297,buy,808700032.0,0.934,4373899776.0,5278900224.0,-0.051
FedEx Corporation,TN,Industrials,7.0,5.52,64445075456.0,,0.0462,buy,,,,87591002112.0,0.139
"Equinix, Inc.",CA,Real Estate,5.0,17.04,84502003712.0,100278280192.0,0.12902,buy,1992999936.0,20.991,17974999040.0,8023491072.0,0.069
Moody's Corporation,NY,Financial Services,3.0,3.4,86699294720.0,92052488192.0,0.28345,buy,2697999872.0,14.817,7303000064.0,6554999808.0,0.216
"Lucid Group, Inc.",CA,Consumer Cyclical,8.0,,7930672128.0,8106085888.0,,hold,3216429056.0,1.387,2416003072.0,668286016.0,0.329
"Waste Management, Inc.",TX,Industrials,1.0,3.0,83349118976.0,99067854848.0,0.12128,buy,950000000.0,2.367,16743000064.0,20976001024.0,0.055
Snap Inc.,CA,Communication Services,7.0,,17573894144.0,18699386880.0,-0.23492001,hold,3081274112.0,1.857,4239908096.0,4981379072.0,0.158
"Air Products and Chemicals, Inc",PA,Basic Materials,7.0,7.08,65742696448.0,79585943552.0,0.21239,buy,2448199936.0,11.012,14734499840.0,12104399872.0,-0.016
Ecolab Inc.,MN,Basic Materials,4.0,2.28,72505974784.0,78343159808.0,0.109519996,buy,1402400000.0,4.903,7000000000.0,15634199552.0,0.178
Capital One Financial Corporati,VA,Financial Services,3.0,2.4,55876988928.0,66133504000.0,0.16789,buy,46835998720.0,122.654,51858001920.0,26047000576.0,-0.142
"Block, Inc.",CA,Technology,9.0,,40164679680.0,40445087744.0,0.028970001,buy,8495636992.0,13.8,7369062912.0,23503226880.0,0.112
"Dominion Energy, Inc.",VA,Utilities,2.0,2.67,48004030464.0,91371266048.0,0.11589,hold,139000000.0,0.166,42325999616.0,14462000128.0,0.101
"Regeneron Pharmaceuticals, Inc.",NY,Healthcare,10.0,,113668825088.0,105791954944.0,0.32037997,buy,9809000448.0,90.879,2703600128.0,13489099776.0,0.123
Progressive Corporation (The),OH,Financial Services,3.0,0.4,150544220160.0,156314025984.0,0.10176,buy,823600000.0,1.406,6890699776.0,67801001984.0,0.181
Northrop Grumman Corporation,VA,Industrials,5.0,8.24,77233438720.0,92383518720.0,0.05608,hold,3272000000.0,22.373,18165999616.0,40763998208.0,0.067
KLA Corporation,CA,Technology,4.0,5.8,103784161280.0,105868615680.0,0.28147,buy,4503994880.0,33.506,6819642880.0,9812246528.0,0.091
"Workday, Inc.",CA,Technology,9.0,,64493047808.0,61432750080.0,0.19598,buy,7373000192.0,27.823,3364000000.0,7863000064.0,0.167
Public Storage,CA,Real Estate,6.0,12.0,62932971520.0,76659580928.0,0.44637,buy,542262976.0,3.098,9400519680.0,4659025920.0,0.045
"Freeport-McMoRan, Inc.",AZ,Basic Materials,3.0,0.6,69414707200.0,85438636032.0,0.078260005,buy,5272999936.0,3.67,9425999872.0,24674000896.0,0.155
Boston Scientific Corporation,MA,Healthcare,8.0,,122964606976.0,131240009728.0,0.119969994,buy,2912999936.0,1.978,10936000512.0,15228999680.0,0.145
General Dynamics Corporation,VA,Industrials,2.0,5.68,82897772544.0,93339099136.0,0.07887,buy,1362000000.0,4.965,11118999552.0,44946001920.0,0.18
"Illumina, Inc.",CA,Healthcare,2.0,,20095694848.0,22448025600.0,-0.68728995,buy,994000000.0,6.24,2920999936.0,4429000192.0,-0.054
"Autodesk, Inc.",CA,Technology,2.0,,57756409856.0,58699751424.0,0.18208,buy,1878000000.0,8.735,2603000064.0,5805000192.0,0.119
"EOG Resources, Inc.",TX,Energy,2.0,3.64,70824812544.0,71379886080.0,0.31101,buy,5431000064.0,9.552,4087000064.0,24105000960.0,0.104
Emerson Electric Company,MO,Industrials,8.0,2.1,59716800512.0,75183480832.0,0.101160005,buy,2297999872.0,4.017,10766000128.0,16963000320.0,0.11
"MetLife, Inc.",NY,Financial Services,4.0,2.18,56544239616.0,76851134464.0,0.0423,buy,27733000192.0,39.6,47955001344.0,68769996800.0,0.072
Vertex Pharmaceuticals Incorpor,MA,Healthcare,8.0,,119181180928.0,114636636160.0,-0.04739,buy,5795500032.0,22.454,933400000.0,10337399808.0,0.061
Exelon Corporation,IL,Utilities,1.0,1.52,40009994240.0,85271920640.0,0.10646,hold,934000000.0,0.934,46195998720.0,22749999104.0,0.113
Dollar General Corporation,TN,Consumer Defensive,9.0,2.36,18530039808.0,35681894400.0,0.03568,hold,1222690944.0,5.56,18213994496.0,39676977152.0,0.042
Marriott International,MD,Consumer Cyclical,7.0,2.52,69113896960.0,83262103552.0,0.45386,hold,349000000.0,1.24,13968000000.0,6469000192.0,0.057
"Simon Property Group, Inc.",IN,Real Estate,10.0,8.2,63393394688.0,80723582976.0,0.44015,buy,1234433024.0,3.786,25811712000.0,5839242240.0,0.065
Keurig Dr Pepper Inc.,MA,Consumer Defensive,10.0,0.92,50961862656.0,67611746304.0,0.14474,buy,438000000.0,0.323,16748999680.0,15061999616.0,0.035
"Apollo Global Management, Inc. ",NY,Financial Services,4.0,1.85,70924066816.0,87544823808.0,0.22028999,buy,28981000192.0,50.885,30720999424.0,25956999168.0,-0.564
"Palo Alto Networks, Inc.",CA,Technology,10.0,,110870061056.0,110681612288.0,0.3211,buy,2578800128.0,7.92,1410300032.0,8027500032.0,0.121
The Bank of New York Mellon Cor,NY,Financial Services,1.0,1.88,53258428416.0,-46979891200.0,0.19468,buy,171297996800.0,232.124,66696998912.0,17592999936.0,0.022
"Fortinet, Inc.",CA,Technology,6.0,,58599604224.0,56986673152.0,0.23709999,buy,3339300096.0,4.366,1076199936.0,5537299968.0,0.109
"Zoom Video Communications, Inc.",CA,Technology,10.0,,20914262016.0,13913800704.0,0.19083999,hold,7520031744.0,24.432,64027000.0,4586937856.0,0.021
Enterprise Products Partners L.,TX,Energy,,2.1,63481270272.0,95563603968.0,0.10481,buy,138000000.0,0.064,30798999552.0,54862999552.0,0.266
"Synopsys, Inc.",CA,Technology,3.0,,78398439424.0,76571705344.0,0.23111999,buy,1994246016.0,12.982,673875008.0,6483438080.0,0.127
"American International Group, I",NY,Financial Services,7.0,1.6,47021297664.0,43307913216.0,-0.01396,buy,13941000192.0,21.649,9939999744.0,45924999168.0,-0.108
"Coinbase Global, Inc.",DE,Financial Services,10.0,,41515704320.0,39898611712.0,0.33003,buy,7225534976.0,29.079,4465492992.0,4495277056.0,1.083
Monster Beverage Corporation,CA,Consumer Defensive,9.0,,50609729536.0,50620231680.0,0.22841999,buy,1564733952.0,1.597,807884032.0,7385830912.0,0.025
Southern Copper Corporation,AZ,Basic Materials,7.0,2.4,87406370816.0,94196097024.0,0.26149,hold,2204400128.0,2.806,7001900032.0,10519300096.0,0.355
Schlumberger N.V.,TX,Energy,1.0,1.1,59363512320.0,71594778624.0,0.12564999,buy,4003000064.0,2.819,13363999744.0,35145998336.0,0.117
Amphenol Corporation,CT,Technology,8.0,0.66,78712397824.0,83871301632.0,0.15694,buy,1302200064.0,1.081,5439399936.0,13392700416.0,0.182
"IQVIA Holdings, Inc.",NC,Healthcare,8.0,,42240733184.0,55588610048.0,0.0939,buy,1678000000.0,9.205,13592999936.0,15155000320.0,0.023
Roblox Corporation,CA,Communication Services,9.0,,30831558656.0,29915947008.0,-0.34115002,buy,2412094976.0,3.727,1848654976.0,3158007040.0,0.313
"Roper Technologies, Inc.",FL,Technology,8.0,3.0,58783641600.0,66343919616.0,0.22136,buy,251500000.0,2.346,7423900160.0,6574400000.0,0.121
Kimberly-Clark Corporation,TX,Consumer Defensive,4.0,4.88,47556722688.0,54478266368.0,0.112770006,hold,1163000064.0,3.453,7990000128.0,20280000512.0,-0.02
Newmont Corporation,CO,Basic Materials,2.0,1.0,63406981120.0,70840926208.0,-0.13291,buy,2652000000.0,2.311,9224999936.0,14874999808.0,0.641
Humana Inc.,KY,Healthcare,1.0,3.54,37559406592.0,27995011072.0,0.015269999,buy,22925000704.0,190.404,13269999616.0,112036003840.0,0.104
"IDEXX Laboratories, Inc.",ME,Healthcare,6.0,,40968589312.0,42344345600.0,0.22343001,buy,401590016.0,4.879,1067875008.0,3784801024.0,0.064
"Constellation Brands, Inc.",NY,Consumer Defensive,8.0,4.04,45907263488.0,58126721024.0,0.2442,buy,73800000.0,0.405,11882300416.0,10108699648.0,0.058
"Paychex, Inc.",NY,Technology,4.0,3.92,47651430400.0,47506460672.0,0.32025,hold,1502800000.0,4.173,885500032.0,5278300160.0,0.053
"Walgreens Boots Alliance, Inc.",IL,Healthcare,7.0,1.0,7122018816.0,42104737792.0,-0.03993,hold,711000000.0,0.824,33664000000.0,145532993536.0,0.026
"Cadence Design Systems, Inc.",CA,Technology,3.0,,74424270848.0,149800943616.0,0.25361001,buy,1228683008.0,2.244,1348667008.0,4161500928.0,0.086
"O'Reilly Automotive, Inc.",MO,Consumer Cyclical,9.0,,66289496064.0,73067634688.0,0.14569001,buy,145042000.0,2.5,7711522816.0,16283836416.0,0.05
Cognizant Technology Solutions ,NJ,Technology,2.0,1.2,37437046784.0,36721831936.0,0.11394,hold,2204999936.0,4.449,1236999936.0,19264999424.0,-0.007
American Electric Power Company,OH,Utilities,2.0,3.52,53823938560.0,97914585088.0,0.13488,hold,428200000.0,0.805,44339998720.0,19523799040.0,0.047
The Kraft Heinz Company,PA,Consumer Defensive,4.0,1.6,41737445376.0,61125038080.0,0.07303,buy,900000000.0,0.744,19933999104.0,26317000704.0,-0.036
"Digital Realty Trust, Inc.",TX,Real Estate,9.0,4.88,54387744768.0,71142866944.0,0.20992,buy,2327337984.0,7.108,17785159680.0,5352764928.0,-0.041
"DexCom, Inc.",CA,Healthcare,4.0,,26740514816.0,26987503616.0,0.16949,buy,3120699904.0,7.788,2594299904.0,3934799872.0,0.153
MSCI Inc.,NY,Financial Services,4.0,6.4,44202450944.0,48319938560.0,0.43861,buy,447518016.0,5.69,4664479744.0,2703459072.0,0.14
"Coupang, Inc.",WA,Consumer Cyclical,10.0,,44645191680.0,43004989440.0,0.0387,buy,5536000000.0,3.086,3715000064.0,27182000128.0,0.254
Microchip Technology Incorporat,AZ,Technology,6.0,1.82,40833396736.0,47466942464.0,0.20795,buy,315100000.0,0.587,6202899968.0,6587100160.0,-0.458
"DoorDash, Inc.",CA,Communication Services,9.0,,59233091584.0,53997174784.0,-0.04235,buy,4854000128.0,11.795,534000000.0,9610000384.0,0.233
"Chipotle Mexican Grill, Inc.",CA,Consumer Cyclical,3.0,,79950241792.0,82163769344.0,0.13225001,buy,1489815040.0,1.088,4278757888.0,10663233536.0,0.182
Carrier Global Corporation,FL,Industrials,5.0,0.76,71922253824.0,83805282304.0,0.14272,buy,2919000064.0,3.233,13822999552.0,23704000512.0,0.116
"Datadog, Inc.",NY,Technology,9.0,,39113003008.0,37553598464.0,0.06813,buy,2960105984.0,8.78,962369984.0,2393716992.0,0.267
Centene Corporation,MO,Healthcare,1.0,,38989344768.0,36656631808.0,0.0196,buy,20213999616.0,38.427,17628000256.0,144064004096.0,0.036
Dell Technologies Inc.,TX,Technology,8.0,1.78,84358864896.0,103222755328.0,0.04325,buy,4672999936.0,6.653,25401999360.0,91838996480.0,0.091
DBA Sempra,CA,Utilities,4.0,2.48,52551114752.0,92309774336.0,0.22381,buy,259000000.0,0.409,33176000512.0,13475999744.0,-0.097
"Agilent Technologies, Inc.",CA,Healthcare,8.0,0.94,40065015808.0,42100174848.0,0.21747999,buy,1779000064.0,6.192,3116000000.0,6496999936.0,-0.056
Baxter International Inc.,IL,Healthcare,4.0,1.16,19560224768.0,31199723520.0,0.16510001,hold,2095000064.0,4.106,13342999552.0,14997000192.0,0.028
Dow Inc.,MI,Basic Materials,4.0,2.8,37036666880.0,51827228672.0,0.026770001,hold,3911000064.0,5.58,17792000000.0,43030999040.0,-0.044
Marathon Petroleum Corporation,OH,Energy,6.0,3.3,54105018368.0,82745425920.0,0.04828,buy,8498999808.0,25.394,30111000576.0,148771995648.0,0.038
Global Payments Inc.,GA,Industrials,7.0,1.0,24695654400.0,43276582912.0,0.14257,buy,2097159040.0,8.242,18187003904.0,9898458112.0,0.047
"Prudential Financial, Inc.",NJ,Financial Services,4.0,5.2,42686488576.0,54420168704.0,0.04611,hold,33602000896.0,94.123,43157999616.0,61828001792.0,0.103
"CrowdStrike Holdings, Inc.",TX,Technology,10.0,,70221242368.0,67519889408.0,0.0484,buy,4038535936.0,16.475,791972992.0,3516257024.0,0.317
"Align Technology, Inc.",AZ,Healthcare,8.0,,18110312448.0,17947295744.0,0.11338,buy,782110976.0,10.47,129091000.0,3942861056.0,0.026
"L3Harris Technologies, Inc.",FL,Industrials,5.0,4.64,44261969920.0,57300398080.0,0.05731,buy,547000000.0,2.883,13251999744.0,20764999680.0,0.129
"DuPont de Nemours, Inc.",DE,Basic Materials,8.0,1.52,35879522304.0,43030999040.0,0.055069998,buy,1503000064.0,3.6,7736999936.0,12058000384.0,0.025
"T. Rowe Price Group, Inc.",MD,Financial Services,6.0,4.96,23920379904.0,22923683840.0,0.28663,hold,2714899968.0,12.196,376500000.0,6796199936.0,0.076
"Motorola Solutions, Inc.",IL,Technology,2.0,3.92,75160199168.0,80587137024.0,0.14049,buy,1380999936.0,8.277,6853000192.0,10421000192.0,0.094
"Republic Services, Inc.",AZ,Industrials,1.0,2.32,64223768576.0,76581027840.0,0.12109,buy,490600000.0,1.562,13201500160.0,15567299584.0,0.086
Hilton Worldwide Holdings Inc.,VA,Consumer Cyclical,6.0,0.6,56035037184.0,66566197248.0,0.26179,buy,731000000.0,2.966,10958000128.0,4622000128.0,0.084
HP Inc.,CA,Technology,1.0,1.1,34730856448.0,42470645760.0,0.053319998,buy,2878000128.0,2.986,10808999936.0,53320998912.0,0.024
Parker-Hannifin Corporation,OH,Industrials,6.0,6.52,80009576448.0,90800914432.0,0.14271,buy,422027008.0,3.282,10794105856.0,19929606144.0,0.018
"AutoZone, Inc.",TN,Consumer Cyclical,6.0,,52622426112.0,64353873920.0,0.14604001,buy,335999008.0,19.669,12607459328.0,17975506944.0,0.035
eBay Inc.,CA,Consumer Cyclical,5.0,1.08,31344900096.0,35011158016.0,0.26408002,hold,5166000128.0,10.564,8176999936.0,10190000128.0,0.013
"General Mills, Inc.",MN,Consumer Defensive,6.0,2.4,40948527104.0,54057373696.0,0.12136,hold,468100000.0,0.843,13320399872.0,19800600576.0,-0.012
Sysco Corporation,TX,Consumer Defensive,6.0,2.04,37729153024.0,49838088192.0,0.0248,buy,696000000.0,1.416,12945999872.0,78844002304.0,0.042
Cintas Corporation,OH,Industrials,8.0,1.56,83559088128.0,84896129024.0,0.16377,hold,342015008.0,0.849,2668080128.0,9596614656.0,0.082
AFLAC Incorporated,GA,Financial Services,6.0,2.0,61429252096.0,64032870400.0,0.28340998,hold,9440000000.0,16.856,12373999616.0,19303999488.0,-0.007
Twilio Inc.,CA,Technology,7.0,,10063196160.0,8146840576.0,-0.1402,buy,3116128000.0,19.403,1145177984.0,4239172096.0,0.043
"The Travelers Companies, Inc.",NY,Financial Services,9.0,4.2,53864656896.0,57193123840.0,0.08366,hold,5081999872.0,22.296,8032000000.0,44073000960.0,0.117
KKR & Co. Inc.,NY,Financial Services,,0.7,121400795136.0,164353835008.0,0.14583,buy,40706547712.0,45.87,50715361280.0,26611058688.0,0.121
Realty Income Corporation,CA,Real Estate,5.0,3.16,54551166976.0,80445448192.0,0.17879999,buy,442820000.0,0.508,26074120192.0,4717805056.0,0.316
The Hershey Company,PA,Consumer Defensive,10.0,5.48,38637006848.0,44405235712.0,0.1676,hold,467057984.0,2.309,5761973760.0,11014327296.0,-0.167
"PPG Industries, Inc.",PA,Basic Materials,6.0,2.63,29825071104.0,36137054208.0,0.079780005,buy,1200999936.0,5.148,7223000064.0,18098999296.0,-0.016
"Arista Networks, Inc.",CA,Technology,10.0,,121957326848.0,114758492160.0,0.39008,buy,6273953792.0,19.971,61600000.0,6311667200.0,0.159
"Yum! Brands, Inc.",KY,Consumer Cyclical,2.0,2.68,37420249088.0,49111875584.0,0.21956,buy,520000000.0,1.849,12012000256.0,7104999936.0,0.045
"Kinder Morgan, Inc.",TX,Energy,9.0,1.15,49027874816.0,82570461184.0,0.15932,buy,122000000.0,0.055,32020000768.0,15358999552.0,0.02
Archer-Daniels-Midland Company,IL,Consumer Defensive,8.0,2.0,27799177216.0,40462565376.0,0.0293,hold,764000000.0,1.598,11875999744.0,88768004096.0,-0.117
Ferguson Enterprises Inc.,VA,Industrials,1.0,3.16,40051789824.0,45015228416.0,0.063260004,buy,571000000.0,2.828,4972000256.0,29526999040.0,0.014
"Old Dominion Freight Line, Inc.",NC,Industrials,9.0,1.04,42743681024.0,42476130304.0,0.21383,buy,104575000.0,0.488,59983000.0,5969596928.0,0.061
Welltower Inc.,OH,Real Estate,3.0,2.68,78628831232.0,90000310272.0,0.08283,buy,2776627968.0,4.558,14337561600.0,7161897984.0,0.141
McKesson Corporation,TX,Healthcare,3.0,2.84,62133440512.0,67816386560.0,0.009430001,buy,2302000128.0,17.752,7436000256.0,313751011328.0,0.064
"Rockwell Automation, Inc.",WI,Industrials,9.0,5.0,29279025152.0,33603885056.0,0.115600005,hold,407000000.0,3.587,4107000064.0,8791600128.0,-0.084
"The Trade Desk, Inc.",CA,Technology,9.0,,54427516928.0,53219729408.0,0.1165,buy,1506530944.0,3.065,264348000.0,2174865920.0,0.259
SBA Communications Corporation,FL,Real Estate,7.0,3.92,25721274368.0,40124420096.0,0.19219999,buy,220508000.0,2.052,14297924608.0,2675907072.0,-0.027
Electronic Arts Inc.,CA,Communication Services,2.0,0.76,37379014656.0,36840280064.0,0.15771,buy,2766000128.0,10.469,2184999936.0,7297999872.0,-0.137
Xcel Energy Inc.,MN,Utilities,2.0,2.19,35785990144.0,64778817536.0,0.13461,buy,1618000000.0,2.902,30621999104.0,13781000192.0,0.002
State Street Corporation,MA,Financial Services,7.0,3.04,26427869184.0,-33671694336.0,0.15042,hold,115768999936.0,387.68,53078999040.0,12005999616.0,0.017
"Ross Stores, Inc.",CA,Consumer Cyclical,7.0,1.47,50786123776.0,51713470464.0,0.09824,buy,4668136960.0,14.071,5864129024.0,21092935680.0,0.071
Discover Financial Services,IL,Financial Services,7.0,2.8,34125705216.0,43599732736.0,0.26111,hold,10867000320.0,43.282,19146999808.0,11141000192.0,0.476
"Zscaler, Inc.",CA,Technology,10.0,,26190157824.0,25388273664.0,-0.026619999,buy,2409654016.0,15.802,1241794048.0,2167770880.0,0.303
Transdigm Group Incorporated,OH,Industrials,10.0,,79917219840.0,98262679552.0,0.21837999,buy,3420999936.0,60.968,21947000832.0,7606000128.0,0.173
International Flavors & Fragran,NY,Basic Materials,4.0,1.6,26588536832.0,36191391744.0,-0.2082,buy,671000000.0,2.625,10085999616.0,11310999552.0,-0.014
Allstate Corporation (The),IL,Financial Services,4.0,3.68,50167787520.0,54825267200.0,0.050300002,buy,5888000000.0,22.3,8083999744.0,60302000128.0,0.124
Phillips 66,TX,Energy,7.0,4.6,54351187968.0,72760156160.0,0.03372,buy,2444000000.0,5.839,19960000512.0,151853006848.0,0.087
Otis Worldwide Corporation,CT,Industrials,1.0,1.56,39871246336.0,46310883328.0,0.10345,buy,942000000.0,2.352,7462000128.0,14181000192.0,-0.032
"Ameriprise Financial, Inc.",MN,Financial Services,5.0,5.92,45470208000.0,41756659712.0,0.18089001,buy,7735000064.0,78.777,3992999936.0,16961000448.0,0.096
Veeva Systems Inc.,CA,Healthcare,5.0,,33217521664.0,28836673536.0,0.23906,buy,4885078016.0,30.167,54094000.0,2573648896.0,0.146
"Match Group, Inc.",TX,Communication Services,7.0,,9542115328.0,12723698688.0,0.18721001,buy,843603968.0,3.271,3942533120.0,3471540992.0,0.042
"Mettler-Toledo International, I",OH,Healthcare,3.0,,30138902528.0,32599191552.0,0.20952,hold,70810000.0,3.337,2057884032.0,3750152960.0,-0.036
Kroger Company (The),OH,Consumer Defensive,8.0,1.28,40949309440.0,60776878080.0,0.018609999,buy,2308999936.0,3.087,21152999424.0,150202007552.0,-0.006
"Corteva, Inc.",IN,Basic Materials,3.0,0.68,39561916416.0,43053490176.0,0.05313,buy,1959000064.0,2.83,4723999744.0,16901000192.0,0.011
CBRE Group Inc,TX,Real Estate,3.0,1.5,37494898688.0,43716370432.0,0.027880002,buy,928000000.0,3.081,6654000128.0,33144000512.0,0.087
Fastenal Company,MN,Industrials,3.0,1.56,40491798528.0,41382416384.0,0.15538,hold,255500000.0,0.446,516200000.0,7415799808.0,0.018
"AvalonBay Communities, Inc.",VA,Real Estate,6.0,6.8,32660131840.0,40667623424.0,0.29413,buy,545798976.0,3.843,8525618176.0,2860548096.0,0.05
ResMed Inc.,CA,Healthcare,4.0,2.12,35373879296.0,36949848064.0,0.21791,buy,238360992.0,1.622,873934976.0,4685297152.0,0.09
Unity Software Inc.,CA,Technology,8.0,,8687220736.0,10531260416.0,-0.38459998,buy,1267956992.0,3.195,2364195072.0,2063117056.0,-0.158
"Cloudflare, Inc.",CA,Technology,10.0,,28501448704.0,28896776192.0,-0.06904,buy,1757396992.0,5.143,1438589952.0,1477673984.0,0.3
Keysight Technologies Inc.,CA,Technology,4.0,,26505222144.0,27145295872.0,0.18249,buy,1632000000.0,9.404,2036000000.0,5002999808.0,-0.119
Arthur J. Gallagher & Co.,IL,Financial Services,7.0,2.4,61512323072.0,68426604544.0,0.10977,buy,1415299968.0,6.46,8613900288.0,10388500480.0,0.134
Biogen Inc.,MA,Healthcare,3.0,,27540316160.0,33026437120.0,0.11979,buy,1908899968.0,13.105,6659500032.0,9671999488.0,0.004
"Williams Companies, Inc. (The)",OK,Energy,3.0,1.9,55461318656.0,84799406080.0,0.27552998,buy,55000000.0,0.045,26261999616.0,10252999680.0,0.041
"D.R. Horton, Inc.",TX,Consumer Cyclical,6.0,1.2,60987285504.0,66290733056.0,0.13357,buy,2686599936.0,8.24,5762800128.0,37302800384.0,0.025
Public Service Enterprise Group,NJ,Utilities,3.0,2.4,43957813248.0,65147740160.0,0.16117,buy,113000000.0,0.227,21561999360.0,10243999744.0,0.001
Equity Residential,IL,Real Estate,8.0,2.7,29384253440.0,36517949440.0,0.32829,hold,38298000.0,0.101,7466364928.0,2916548096.0,0.024
Cummins Inc.,IN,Industrials,6.0,7.28,43512741888.0,51272134656.0,0.05689,hold,2183000064.0,15.929,8087000064.0,34172999680.0,0.018
Alexandria Real Estate Equities,CA,Real Estate,9.0,5.2,21736304640.0,38413053952.0,0.0509,buy,561020992.0,3.207,12803277824.0,3007736064.0,0.074
Fifth Third Bancorp,OH,Financial Services,6.0,1.48,28456019968.0,48015466496.0,0.28455,buy,6829000192.0,10.09,23747999744.0,8125000192.0,-0.01
"Verisk Analytics, Inc.",NJ,Industrials,5.0,1.56,37765148672.0,40373600256.0,0.32033002,buy,633299968.0,4.447,3289499904.0,2775600128.0,0.062
Palantir Technologies Inc.,CO,Technology,10.0,,83128385536.0,78983127040.0,0.16319,hold,3998458880.0,1.785,258459008.0,2478981120.0,0.272
Valero Energy Corporation,TX,Energy,5.0,4.28,42549665792.0,50854936576.0,0.04429,buy,5246000128.0,16.374,10741000192.0,134329999360.0,-0.001
Devon Energy Corporation,OK,Energy,2.0,2.0,24922759168.0,31220461568.0,0.23742001,buy,1140000000.0,1.821,6502000128.0,14750000128.0,0.05
"AMETEK, Inc.",PA,Industrials,8.0,1.12,39650541568.0,41972207616.0,0.19514999,buy,396572992.0,1.713,2882636032.0,6824735744.0,0.054
Nucor Corporation,NC,Basic Materials,7.0,2.16,35334881280.0,38400671744.0,0.10451,buy,5434158080.0,22.896,7040368128.0,32694519808.0,-0.152
"Equifax, Inc.",GA,Industrials,6.0,1.56,36146999296.0,42629754880.0,0.10674,buy,181900000.0,1.47,5512300032.0,5465500160.0,0.086
LyondellBasell Industries NV,TX,Basic Materials,1.0,5.36,30837942272.0,41287073792.0,0.05658,hold,2856999936.0,8.788,12775000064.0,41037000704.0,0.024
PACCAR Inc.,WA,Industrials,5.0,1.2,51436666880.0,58646478848.0,0.14066,hold,7803800064.0,14.886,14463200256.0,35289399296.0,-0.012
"Tyson Foods, Inc.",AR,Consumer Defensive,10.0,1.96,20623906816.0,30099812352.0,-0.00013,hold,2582000128.0,7.256,11020999680.0,53091999744.0,0.016
Corning Incorporated,NY,Technology,7.0,1.12,38224162816.0,45874692096.0,0.03526,buy,1419000064.0,1.658,8197000192.0,12392999936.0,0.002
"Nasdaq, Inc.",NY,Financial Services,3.0,0.96,41979006976.0,52285526016.0,0.14421,buy,423000000.0,0.734,10268999680.0,6567000064.0,0.251
"Copart, Inc.",TX,Industrials,9.0,,50087608320.0,47205031936.0,0.32171002,buy,3422158080.0,3.555,118733000.0,4236823040.0,0.072
"Interactive Brokers Group, Inc.",CT,Financial Services,10.0,1.0,57586991104.0,-35610365952.0,0.14292,buy,77800996864.0,714.848,16120000512.0,4765000192.0,0.185
Liberty Media Corporation - Ser,CO,Communication Services,,,18897815552.0,18327939072.0,0.07557,buy,1491000064.0,6.312,2912000000.0,3692000000.0,0.365
GlobalFoundries Inc.,NY,Technology,,,21668284416.0,20974391296.0,0.118190005,buy,3367000064.0,6.102,2752999936.0,6887000064.0,-0.115
Carvana Co.,AZ,Consumer Cyclical,10.0,,19840057344.0,26223419392.0,0.061189998,hold,963000000.0,7.777,6213000192.0,11667999744.0,0.149
MPLX LP,OH,Energy,,3.4,45813833728.0,66525155328.0,0.38577,buy,2500999936.0,2.451,22573000704.0,10972999680.0,0.072
"Dollar Tree, Inc.",VA,Consumer Defensive,3.0,,15167686656.0,25554087936.0,-0.0344,hold,570300032.0,2.653,10797599744.0,30966300672.0,0.007
"ANSYS, Inc.",PA,Technology,2.0,,27909533696.0,28080742400.0,0.21297,hold,1119271936.0,12.808,870139008.0,2324645888.0,0.196
"EPAM Systems, Inc.",PA,Technology,9.0,,11169586176.0,9717491712.0,0.088640004,buy,1848674048.0,32.47,165984000.0,4621454848.0,-0.02
"American Water Works Company, I",NJ,Utilities,2.0,3.06,28083656704.0,41353932800.0,0.21932,hold,124000000.0,0.636,13214999552.0,4359000064.0,0.047
Lennar Corporation,FL,Consumer Cyclical,10.0,2.0,49474830336.0,46923137024.0,0.11512,buy,7017440256.0,25.975,4023077120.0,36462747648.0,0.079
Occidental Petroleum Corporatio,TX,Energy,2.0,0.88,46835990528.0,74917265408.0,0.17045,hold,1844999936.0,2.037,20814999552.0,27121999872.0,0.017
"Stanley Black & Decker, Inc.",CT,Industrials,4.0,3.28,16254992384.0,23308171264.0,-0.0187,hold,318500000.0,2.069,7102199808.0,15584300032.0,-0.032
Eversource Energy (D/B/A),MA,Utilities,8.0,2.86,23633868800.0,52850237440.0,-0.0080699995,buy,33381000.0,0.093,28954816512.0,11351817216.0,-0.036
"WEC Energy Group, Inc.",WI,Utilities,4.0,3.34,29901074432.0,48796147712.0,0.15858,hold,224000000.0,0.709,18826500096.0,8627099648.0,-0.032
"Okta, Inc.",CA,Technology,8.0,,12715869184.0,11742640128.0,-0.05546,buy,2358000128.0,13.882,1220000000.0,2452000000.0,0.162
"Consolidated Edison, Inc.",NY,Utilities,5.0,3.32,35708526592.0,60650856448.0,0.12038,hold,1500000000.0,4.333,26560000000.0,14810999808.0,0.094
Weyerhaeuser Company,WA,Real Estate,3.0,0.8,23979577344.0,28664700928.0,0.09892,buy,997000000.0,1.371,5093000192.0,7530999808.0,-0.029
LIBERTY MEDIA CORPORATION,CO,Communication Services,,,19062976512.0,17720829952.0,0.07557,none,1491000064.0,6.312,2912000000.0,3692000000.0,0.365
Las Vegas Sands Corp.,NV,Consumer Cyclical,10.0,0.8,33006882816.0,41849077760.0,0.14077,buy,4711000064.0,6.397,13738000384.0,11429999616.0,0.086
"West Pharmaceutical Services, I",PA,Healthcare,6.0,0.8,22004041728.0,22334656512.0,0.18245001,buy,446200000.0,6.151,314000000.0,2876900096.0,-0.069
"MongoDB, Inc.",NY,Technology,4.0,,20554928128.0,19637655552.0,-0.12084,buy,2264834048.0,30.66,1224952960.0,1819609984.0,0.128
Energy Transfer LP,TX,Energy,,1.28,55440130048.0,128683409408.0,0.05335,buy,650000000.0,0.19,58432000000.0,83628998656.0,0.132
V.F. Corporation,CO,Consumer Cyclical,1.0,0.36,7160967168.0,13779470336.0,-0.11389,hold,639110016.0,1.642,7121393152.0,10275632128.0,-0.086
"CoStar Group, Inc.",DC,Real Estate,4.0,,30203510784.0,27463618560.0,0.081920005,buy,4919499776.0,12.004,1097699968.0,2598899968.0,0.119
Zebra Technologies Corporation,IL,Technology,10.0,,18825297920.0,20741433344.0,0.052789997,buy,411000000.0,7.968,2355000064.0,4357000192.0,0.002
LIBERTY BROADBAND CORP,CO,Communication Services,,,10850545664.0,14582456320.0,0.81855005,none,73000000.0,0.511,3940999936.0,981000000.0,0.004
"Rocket Companies, Inc.",MI,Financial Services,10.0,,38434381824.0,22936897536.0,0.00271,hold,1479874944.0,10.528,13526055936.0,4826112000.0,0.067
Extra Space Storage Inc,UT,Real Estate,8.0,6.48,39994535936.0,51179450368.0,0.24956,hold,108106000.0,0.51,11724417024.0,3219547904.0,0.578
"ONEOK, Inc.",OK,Energy,5.0,3.96,55305965568.0,77458358272.0,0.13409,buy,36000000.0,0.062,21873000448.0,19099000832.0,0.311
ON Semiconductor Corporation,AZ,Technology,2.0,,29834995712.0,31168555008.0,0.24837999,buy,2680999936.0,6.259,3644400128.0,7796800000.0,-0.172
Albemarle Corporation,NC,Basic Materials,7.0,1.62,10176007168.0,14957019136.0,-0.06716,hold,1830226944.0,15.572,3659489024.0,7457882112.0,-0.397
Vulcan Materials Company (Holdi,AL,Basic Materials,6.0,1.84,32966137856.0,36919836672.0,0.12064,buy,111000000.0,0.841,4007899904.0,7580199936.0,-0.047
"Cheniere Energy, Inc.",TX,Energy,2.0,1.74,40668045312.0,69342765056.0,0.2795,buy,2444000000.0,10.801,26772000768.0,15957000192.0,-0.205
Labcorp Holdings Inc.,NC,Healthcare,4.0,2.88,18355216384.0,24326998016.0,0.036,buy,265100000.0,3.157,6054799872.0,12487600128.0,0.062
"Expedia Group, Inc.",WA,Consumer Cyclical,10.0,,18939744256.0,20771143680.0,0.06092,hold,6272999936.0,48.187,6551000064.0,13262999552.0,0.06
Baker Hughes Company,TX,Energy,2.0,0.84,36065140736.0,39859015680.0,0.07369,buy,2284000000.0,2.299,5895000064.0,27032999936.0,0.13
Hormel Foods Corporation,MN,Consumer Defensive,8.0,1.13,17059605504.0,19400523776.0,0.065170005,hold,561929984.0,1.025,2859853056.0,11980785664.0,-0.022
Northern Trust Corporation,IL,Financial Services,5.0,3.0,18306713600.0,27045916672.0,0.20391001,hold,9947299840.0,49.333,17676599296.0,7609600000.0,0.527
CDW Corporation,IL,Technology,3.0,2.48,29557696512.0,35487223808.0,0.05294,buy,665299968.0,4.981,6194200064.0,20942899200.0,-0.036
"DocuSign, Inc.",CA,Technology,8.0,,12290014208.0,11102102528.0,0.34564,hold,938353024.0,4.624,135600992.0,2858473984.0,0.07
Southwest Airlines Company,TX,Industrials,6.0,0.72,17010066432.0,16931920896.0,0.0028900001,hold,10001999872.0,16.693,9109000192.0,27030999040.0,0.045
Hess Corporation,NY,Energy,9.0,2.0,40735887360.0,50199580672.0,0.21903999,hold,2024999936.0,6.594,9884000256.0,12080000000.0,0.399
"Martin Marietta Materials, Inc.",NC,Basic Materials,8.0,3.16,32759377920.0,37387849728.0,0.30812,buy,109000000.0,1.783,4741000192.0,6617200128.0,-0.031
"Zimmer Biomet Holdings, Inc.",IN,Healthcare,2.0,0.96,21688938496.0,27578662912.0,0.13251,hold,420100000.0,2.063,6034599936.0,7524800000.0,0.039
Nuveen AMT-Free Municipal Credi,IL,Financial Services,,0.95,2833436928.0,4613549568.0,0.12275,none,6922191.0,0.032,1959983104.0,222349248.0,-0.006
Sonoco Products Company,SC,Consumer Cyclical,1.0,2.08,5267600896.0,8545788928.0,0.055689998,buy,140232992.0,1.427,3346352128.0,6607241216.0,-0.048
Cartesian Growth Corporation II,NY,Financial Services,,,247772080.0,252653536.0,,none,38064.0,0.002,5136181.0,,
"Cencora, Inc.",PA,Healthcare,3.0,2.04,43794067456.0,47364526080.0,0.00654,buy,3306200064.0,16.779,6130929152.0,283830812672.0,0.109
Altair Engineering Inc.,MI,Technology,10.0,,7996279808.0,7706820096.0,0.04259,buy,507008000.0,5.973,259143008.0,627212992.0,0.054
Select Medical Holdings Corpora,PA,Healthcare,3.0,0.5,4554635264.0,9789917184.0,0.039130002,buy,133586000.0,1.027,5003420160.0,6873021952.0,0.051
"Phreesia, Inc.",DE,Healthcare,4.0,,1297010688.0,899257408.0,-0.25726,buy,439854016.0,7.613,12637000.0,389956000.0,0.457
AAR Corp.,IL,Industrials,4.0,,2286243072.0,3338178560.0,0.026700001,buy,49300000.0,1.398,1059900032.0,2430899968.0,0.204
American Shared Hospital Servic,CA,Healthcare,,,19162680.0,31734800.0,0.18412,buy,14236000.0,2.238,20890000.0,23104000.0,0.267
"Eagle Capital Growth Fund, Inc.",WI,Financial Services,,0.35,38845152.0,,5.88356,none,,,,836908.0,0.287
ENGlobal Corporation,TX,Industrials,,,6857736.0,16139992.0,-0.24631001,buy,227000.0,0.044,9715000.0,28773000.0,-0.369
BlackRock Income Trust Inc. (Th,NY,Financial Services,,1.06,266133168.0,,0.51403,none,,,76751600.0,15453624.0,-0.008
Artisan Partners Asset Manageme,WI,Financial Services,4.0,2.84,3005155840.0,3438011392.0,0.22748,hold,232947008.0,3.332,308518016.0,1032888000.0,0.115
Genesco Inc.,TN,Consumer Cyclical,2.0,,296370368.0,786964160.0,-0.00027000002,hold,45855000.0,4.086,530139008.0,2301050112.0,0.004
"Idaho Strategic Resources, Inc.",ID,Basic Materials,,,195545280.0,200661408.0,0.26689,buy,8145982.0,0.629,2730874.0,19102942.0,0.893
Morgan Stanley China A Share Fu,NY,Financial Services,,,208296992.0,,,none,,,,,
"Brinker International, Inc.",TX,Consumer Cyclical,1.0,,3419513088.0,5403369984.0,0.03517,hold,64600000.0,1.437,1999000064.0,4415099904.0,0.123
"Digital Turbine, Inc.",TX,Technology,5.0,,275439680.0,647700672.0,-0.84712,hold,35729000.0,0.348,399668000.0,516104992.0,-0.194
"Endeavor Group Holdings, Inc.",CA,Communication Services,,0.24,8590260224.0,19906629632.0,-0.060960002,hold,697656000.0,2.274,5530227200.0,6669449216.0,0.341
"Pathward Financial, Inc.",SD,Financial Services,3.0,0.2,1617510528.0,1398368128.0,0.24528,hold,298926016.0,11.968,60306000.0,695793024.0,0.045
"PulteGroup, Inc.",GA,Consumer Cyclical,5.0,0.8,29148821504.0,30610305024.0,0.16750999,buy,1395170944.0,6.723,2275584000.0,16845999104.0,0.098
"PROS Holdings, Inc.",TX,Technology,3.0,,878981376.0,1040240448.0,-0.13485,buy,139086000.0,2.946,300816992.0,317435008.0,0.082
Allient Inc.,NY,Technology,4.0,0.12,318690368.0,554006208.0,0.0335,buy,32590000.0,1.935,259820000.0,569060992.0,-0.073
Adams Diversified Equity Fund I,MD,Financial Services,,1.76,2371382272.0,2647735296.0,17.99532,none,254408.0,0.002,,34758820.0,-0.023
Emeren Group Ltd,CT,Technology,8.0,,119936696.0,1205759360.0,-0.16290002,buy,65529000.0,0.13,62694000.0,103577000.0,-0.112
"AMEN Properties, Inc.",TX,Energy,,40.0,25083360.0,24070860.0,0.52701,none,3625351.0,69.375,,4302520.0,0.107
"Perimeter Solutions, SA",MO,Basic Materials,8.0,,1895133952.0,2652903424.0,-0.14125,buy,43162000.0,0.297,800929024.0,388432992.0,0.672
"Raymond James Financial, Inc.",FL,Financial Services,7.0,1.8,25763469312.0,15929937920.0,0.15426,buy,14849999872.0,72.107,5137999872.0,12316999680.0,0.123
10525,MA,Financial Services,,0.6,76033000.0,102558528.0,0.54085,none,22437.0,0.003,26407344.0,4955846.0,-0.031
Nextracker Inc.,CA,Technology,6.0,,5361590784.0,4958788096.0,0.14872,buy,471879008.0,3.29,146923008.0,2740218880.0,0.501
Giga-tronics Inc.,AZ,Technology,,,237154.0,26232844.0,-0.44053,none,3567000.0,0.45,23710000.0,38676000.0,0.097
VOC Energy Trust Units of Benef,TX,Energy,,0.72,84830000.0,80323040.0,0.92372,none,1446956.0,0.085,,15735280.0,-0.167
"C3.ai, Inc.",CA,Technology,10.0,,3069117184.0,2191016960.0,-0.85475,hold,762534976.0,6.003,5122000.0,325432992.0,0.205
Nuveen AMT-Free Quality Municip,IL,Financial Services,,0.88,3560994560.0,,0.12897,none,,,2446326016.0,268077696.0,-0.001
"GRI Bio, Inc.",CA,Healthcare,,,1371924.0,-4865255.0,,buy,6353000.0,2.17,141000.0,,
M&T Bank Corporation,NY,Financial Services,8.0,5.4,28834392064.0,22116050944.0,0.2783,buy,26941999104.0,161.329,17123999744.0,8472999936.0,-0.122
MOON EQUITY HLDGS CORP.,FL,Industrials,,,20249592.0,,,none,,,,,
"Domo, Inc.",UT,Technology,10.0,,269643680.0,347557440.0,-0.25315002,hold,52004000.0,1.346,129918000.0,318368992.0,-0.016
"Suburban Propane Partners, L.P.",NJ,Utilities,,1.3,1129587584.0,2485913600.0,0.07279,hold,4882000.0,0.076,1347112960.0,1345126016.0,-0.086
,MA,,,0.51,210221984.0,,,none,,,,,
PAR Technology Corporation,NY,Technology,3.0,,1983640704.0,2266777088.0,0.00413,buy,142455008.0,3.926,383500000.0,425932992.0,0.124
BRYN RESOURCES INC,NY,Industrials,,,1616298.0,535090.0,,none,500.0,,120334.0,,
Commercial Metals Company,TX,Basic Materials,2.0,0.72,6157821440.0,6771769856.0,0.069510005,buy,698337984.0,6.073,1200472960.0,8139051008.0,-0.114
Molina Healthcare Inc,CA,Healthcare,5.0,,20187699200.0,13975593984.0,0.029460002,hold,8700999680.0,148.481,2384000000.0,36083998720.0,0.175
"PROG Holdings, Inc.",UT,Industrials,1.0,0.48,2065313536.0,2456402432.0,0.04566,buy,250134000.0,5.91,606518976.0,2394309120.0,-0.001
"Abacus Life, Inc.",FL,Financial Services,,,792796736.0,894624832.0,-0.06183,buy,95332056.0,1.277,199319904.0,95379760.0,1.555
"CTO Realty Growth, Inc.",FL,Real Estate,3.0,1.52,440902208.0,900536704.0,0.14522,buy,20846000.0,0.902,483671008.0,115327000.0,0.107
"Orchid Island Capital, Inc.",FL,Real Estate,5.0,1.44,595675840.0,4654742016.0,,buy,270361984.0,3.79,4346548224.0,-21382000.0,
Moelis & Company,NY,Financial Services,7.0,2.4,4885455872.0,5051364352.0,0.0137600005,hold,150434000.0,2.138,209220000.0,969128000.0,0.471
RLI Corp.,IL,Financial Services,1.0,1.16,6990461440.0,6954673152.0,0.20784001,buy,175895008.0,3.845,116783000.0,1626482048.0,0.091
PHOTOELECTRON CORP,MA,Healthcare,,,10055.0,14141324.0,,none,1451482.0,0.144,15592796.0,1401465.0,0.988
Blue Ocean Acquisition Corp,MD,Financial Services,,,75274552.0,77241960.0,,none,60159.0,0.009,2136887.0,,
"Estrella Immunopharma, Inc.",CA,Healthcare,,,35285012.0,28379136.0,,none,4727290.0,0.13,4000.0,,
Prelude Therapeutics Incorporat,DE,Healthcare,9.0,,114450952.0,-40586168.0,,hold,179844000.0,3.268,18204000.0,,
"Forward Industries, Inc.",NY,Consumer Cyclical,,,3787680.0,4617596.0,-0.10223,none,2558703.0,2.324,3542772.0,31358448.0,-0.094
DTE Energy Company,MI,Utilities,6.0,4.08,25989289984.0,48073547776.0,0.1118,buy,1082000000.0,5.227,23211999232.0,12396999680.0,0.071
US BIOTEC INC,TN,Basic Materials,,,,,-0.23010999,none,33074.0,,471055.0,1635387.0,
Rosinbomb,AZ,Industrials,,,1110297.0,,,none,,,,,
DELTAGEN INC,CA,Healthcare,,,2745639.0,2032.0,-0.05974,none,23000.0,0.001,25000.0,770000.0,
"AG Mortgage Investment Trust, I",NY,Real Estate,5.0,0.61,229160608.0,6855224832.0,0.86833,buy,121601000.0,4.123,6527782912.0,66798000.0,-0.228
Chemung Financial Corp,NY,Financial Services,6.0,1.24,228384080.0,192337952.0,0.25696,buy,120668000.0,25.391,84987000.0,96437000.0,0.028
"CarGurus, Inc.",MA,Consumer Cyclical,10.0,,3058688768.0,3081955584.0,-0.055710003,buy,216168992.0,2.091,193956992.0,877030016.0,-0.088
"Arcosa, Inc.",TX,Industrials,1.0,0.2,4564231168.0,5224395776.0,0.06048,strong_buy,103700000.0,2.126,742400000.0,2437199872.0,0.137
Stone Harbor Emerging Markets I,NY,Financial Services,,0.72,150299136.0,,,none,,,,,
Agenus Inc.,MA,Healthcare,8.0,,108506664.0,120339936.0,-1.39985,hold,93723000.0,4.345,82064000.0,159630000.0,-0.071
Bridge Investment Group Holding,UT,Financial Services,,0.52,1167519744.0,1220672000.0,0.0571,buy,97280000.0,2.33,477769984.0,368472000.0,0.478
"Ormat Technologies, Inc.",NV,Utilities,2.0,0.48,4634938880.0,7033025024.0,0.14891,buy,67642000.0,1.119,2390777088.0,886524992.0,0.093
"Delta Air Lines, Inc.",GA,Industrials,4.0,0.6,31464177664.0,52328882176.0,0.074640006,buy,4233999872.0,6.603,25910999040.0,60117000192.0,0.069
"Skyworks Solutions, Inc.",CA,Technology,9.0,2.8,15521201152.0,15700597760.0,0.17848,hold,1268999936.0,7.945,1200800000.0,4371800064.0,-0.155
"Church & Dwight Company, Inc.",NJ,Consumer Defensive,4.0,1.14,25201258496.0,27178315776.0,0.13377,hold,491700000.0,2.008,2419800064.0,5998400000.0,0.039
"McCormick & Company, Incorporat",MD,Consumer Defensive,10.0,1.68,22392449024.0,26830759936.0,0.11066,hold,166300000.0,0.619,4469799936.0,6683400192.0,-0.01
Tractor Supply Company,TN,Consumer Cyclical,1.0,4.4,30296086528.0,34672934912.0,0.07655,buy,394748000.0,3.66,5126519808.0,14713277440.0,0.015
SiriusXM Holdings Inc.,NY,Communication Services,,1.06,9287068672.0,18569375744.0,0.14575,hold,100000000.0,0.26,9390000128.0,8899000320.0,-0.032
"Etsy, Inc.",NY,Consumer Cyclical,10.0,,6267753984.0,7702353408.0,0.10357001,hold,999889984.0,8.713,2388573952.0,2772384000.0,0.03
Halliburton Company,TX,Energy,4.0,0.68,25487273984.0,33094371328.0,0.11613,buy,2138000000.0,2.422,8728000512.0,23179999232.0,0.006
"Avantor, Inc.",PA,Healthcare,2.0,,17451493376.0,22877263872.0,0.05277,buy,287500000.0,0.423,5114999808.0,6825600000.0,-0.024
Hewlett Packard Enterprise Comp,TX,Technology,2.0,0.52,25778599936.0,33352863744.0,0.06392,buy,3108000000.0,2.393,11884999680.0,29020000256.0,0.101
Concentra Group Holdings Parent,PA,Healthcare,,,2911662080.0,3765833472.0,0.09764,buy,50669000.0,0.4,860982976.0,1860216960.0,0.023
"Ulta Beauty, Inc.",IL,Consumer Cyclical,3.0,,18952359936.0,20478713856.0,0.10684,buy,413961984.0,8.786,1928999040.0,11321165824.0,0.009
"J.B. Hunt Transport Services, I",AR,Industrials,8.0,1.72,17515247616.0,19611809792.0,0.04897,buy,53505000.0,0.525,1870704000.0,12340137984.0,-0.065
"NexImmune, Inc.",MD,Healthcare,10.0,,320774.0,-2061358.0,,buy,2424112.0,1.738,,,
"United Community Banks, Inc.",GA,Financial Services,1.0,0.96,3384173056.0,3325475840.0,0.23068,hold,614705984.0,5.157,412920992.0,828860032.0,0.089
Western Digital Corporation,CA,Technology,8.0,,22667831296.0,,-0.06137,buy,,,,13002999808.0,
Emergent BioSolutions Inc.,MD,Healthcare,7.0,,314265216.0,1130359424.0,-0.53257,hold,69700000.0,1.317,876800000.0,1102200064.0,-0.246
Warner Music Group Corp.,NY,Communication Services,9.0,0.72,16065848320.0,19894919168.0,0.08555,buy,607000000.0,1.172,4252999936.0,6382000128.0,-0.006
Seritage Growth Properties,NY,Real Estate,9.0,,252081984.0,447758432.0,-1.9893299,buy,86706000.0,1.541,280000000.0,59030000.0,-0.253
"Take-Two Interactive Software, ",NY,Communication Services,7.0,,26427420672.0,29475971072.0,-0.70334,buy,1096499968.0,6.256,4122299904.0,5403100160.0,0.042
Domino's Pizza Inc,MI,Consumer Cyclical,9.0,6.04,14895785984.0,20524732416.0,0.12417,buy,295352000.0,8.117,5299667968.0,4612716032.0,0.031
"Energizer Holdings, Inc.",MO,Industrials,2.0,1.2,2124446464.0,5311823872.0,0.0035299999,hold,146700000.0,2.043,3319000064.0,2892400128.0,0.003
"Akamai Technologies, Inc.",MA,Technology,3.0,,15098050560.0,18409611264.0,0.16012,buy,1637273984.0,10.805,4615499776.0,3927051008.0,0.047
Westinghouse Air Brake Technolo,PA,Industrials,5.0,0.8,31858782208.0,35386597376.0,0.09944,buy,590000000.0,3.368,4292000000.0,10216999936.0,0.098
"Hologic, Inc.",MA,Healthcare,7.0,,18549241856.0,18974400512.0,0.17592,buy,2447600128.0,10.538,2559200000.0,3987599872.0,0.027
NextNav Inc.,VA,Technology,9.0,,903188032.0,890468352.0,,buy,86325000.0,0.683,69815000.0,4383000.0,0.381
"CenterPoint Energy, Inc (Holdin",TX,Utilities,4.0,0.8,18652256256.0,36974612480.0,0.1228,hold,578000000.0,0.9,19140999168.0,8567000064.0,0.016
BioMarin Pharmaceutical Inc.,CA,Healthcare,3.0,,13140234240.0,13103089664.0,0.099130005,buy,1224350976.0,6.431,1099641984.0,2588398080.0,0.196
"Trinity Industries, Inc.",TX,Industrials,1.0,1.12,2807313408.0,8627056640.0,0.04975,buy,272700000.0,3.308,5842400256.0,3270200064.0,0.165
SANTEON GROUP INC,VA,Technology,,,229442.0,-43499.0,0.03271,none,190492.0,0.151,106574.0,5420701.0,0.238
Heico Corporation,FL,Industrials,10.0,0.22,31547568128.0,39251181568.0,0.12640001,buy,202940000.0,1.464,2259097088.0,3780451072.0,0.373
FB Financial Corporation,TN,Financial Services,4.0,0.66,2137657984.0,1846383488.0,0.25601998,buy,800982016.0,17.173,457843008.0,454937984.0,-0.003
"PlayAGS, Inc.",NV,Consumer Cyclical,10.0,,457507200.0,956067008.0,0.01248,hold,48280000.0,1.2,547644992.0,376240992.0,0.077
International Paper Company,TN,Consumer Cyclical,5.0,1.85,16705456128.0,21885063168.0,0.02343,buy,1049000000.0,3.02,6038000128.0,18567000064.0,0.011
Brunswick Corporation,IL,Consumer Cyclical,1.0,1.68,5360775680.0,7870517760.0,0.05923,buy,577000000.0,8.713,2962899968.0,5764400128.0,-0.152
"TripAdvisor, Inc.",MA,Consumer Cyclical,10.0,,2000546432.0,1793998464.0,0.01322,hold,1176000000.0,8.483,914000000.0,1815000064.0,0.006
SES AI Corporation,MA,Consumer Cyclical,10.0,,258428464.0,-47029700.0,,hold,294755008.0,0.824,11822000.0,,
Charles River Laboratories Inte,MA,Healthcare,6.0,,9959561216.0,13070488576.0,0.10827,buy,179212992.0,3.471,2841179904.0,4077775872.0,-0.032
"Warner Bros. Discovery, Inc. - ",NY,Communication Services,10.0,,20081141760.0,58750877696.0,-0.29471,buy,3680999936.0,1.501,40961998848.0,39934001152.0,-0.062
Celanese Corporation,TX,Basic Materials,5.0,2.8,14207597568.0,27145060352.0,0.1824,hold,1184999936.0,10.845,13402999808.0,10554000384.0,-0.052
"agilon health, inc.",TX,Healthcare,7.0,,1497798144.0,1232616704.0,-0.056560002,hold,401112000.0,0.975,46173000.0,5280048128.0,0.387
Dana Incorporated,OH,Consumer Cyclical,2.0,0.4,1503411328.0,4297262080.0,-8.9999994e-05,hold,419000000.0,2.89,2920000000.0,10636000256.0,-0.004
Runway Growth Finance Corp.,CA,Financial Services,,1.8,389327744.0,931133056.0,0.19322,hold,8810000.0,0.229,548688000.0,157206000.0,-0.184
"Cass Information Systems, Inc",MO,Industrials,3.0,1.2,554037248.0,349039552.0,0.12561,buy,223727008.0,16.419,7963000.0,218450000.0,0.049
ClearBridge MLP and Midstream F,NY,Financial Services,,3.08,593453056.0,,,none,,,,,
First Trust Senior Floating Rat,IL,Financial Services,,1.16,267758944.0,295671104.0,1.04918,hold,2178303.0,0.084,31000000.0,30616276.0,0.109
"Aris Water Solutions, Inc.",TX,Utilities,9.0,0.42,1030885568.0,1402549888.0,0.05974,buy,11526000.0,0.377,462587008.0,408436992.0,0.046
Samsara Inc.,CA,Technology,,,27473106944.0,27094034432.0,-0.24189,buy,672633024.0,1.209,87698000.0,1094736000.0,0.369
Dover Corporation,IL,Industrials,4.0,2.06,26147260416.0,29321095168.0,0.17583,buy,328752000.0,2.392,3171385088.0,8531228160.0,0.037
PermRock Royalty Trust Trust,TX,Energy,,0.48,48541144.0,46045236.0,0.84704,hold,1279462.0,0.105,,6117157.0,-0.449
Graham Holdings Company,VA,Consumer Defensive,8.0,6.88,3511576320.0,4178953984.0,0.02893,underperform,962750976.0,218.816,1449409024.0,4616273920.0,0.073
"PIMCO Strategic Income Fund, In",CA,Financial Services,,0.61,350952800.0,462503712.0,1.11975,none,1040000.0,0.023,110282000.0,27358000.0,0.092
Voya Global Equity Dividend and,AZ,Financial Services,,0.6,439297536.0,445792864.0,1.78377,none,21219.0,,206990.0,17086288.0,-0.004
UNIROYAL GLOBAL ENGINEERED PROD,FL,Consumer Cyclical,,,2989.0,43412116.0,-0.04699,none,324499.0,0.087,42652804.0,69879544.0,-0.083
"Sweetgreen, Inc.",CA,Consumer Cyclical,9.0,,4081753600.0,4232533248.0,-0.1433,buy,244583008.0,2.143,310912992.0,648945024.0,0.211
FutureFuel Corp.,MO,Basic Materials,8.0,0.24,248137344.0,134574480.0,0.11802,none,115060000.0,2.629,184000.0,339451008.0,-0.151
"Easterly Government Properties,",DC,Real Estate,5.0,1.06,1410425088.0,2858701056.0,0.06368,hold,17279000.0,0.168,1403549952.0,299124992.0,0.066
Newell Brands Inc.,GA,Consumer Defensive,4.0,0.28,2920320000.0,8257280000.0,-0.03431,hold,382000000.0,0.918,5694000128.0,7809999872.0,-0.078
Geo Group Inc (The) REIT,FL,Industrials,1.0,,1735600896.0,3540270848.0,0.01646,buy,46299000.0,0.34,1863352064.0,2423923968.0,0.022
"Group 1 Automotive, Inc.",TX,Consumer Cyclical,1.0,1.88,5066248192.0,9754820608.0,0.030439999,buy,65700000.0,5.021,4784399872.0,18352099328.0,0.03
"Primerica, Inc.",GA,Financial Services,2.0,3.6,8940946432.0,10374569984.0,0.1454,hold,630449984.0,18.637,2096875008.0,3047348992.0,0.162
BlackRock Science and Technolog,NY,Financial Services,,3.0,1198881536.0,,,none,,,,,
Independent Bank Corp.,MA,Financial Services,2.0,2.28,2500555264.0,2962133760.0,0.31684,hold,376872000.0,8.871,810411008.0,677665024.0,-0.07
Portland General Electric Co,OR,Utilities,1.0,2.0,4882283520.0,9618329600.0,0.0921,buy,6000000.0,0.058,4739999744.0,3214000128.0,0.17
Masimo Corporation,CA,Healthcare,5.0,,7153845760.0,7446165504.0,0.03937,buy,129600000.0,2.436,863400000.0,2016899968.0,0.09
"Gabelli Equity Trust, Inc. (The",NY,Financial Services,,0.6,1660636800.0,2032581632.0,4.34654,none,159314.0,0.001,101000000.0,33549508.0,-0.03
"Alaska Air Group, Inc.",WA,Industrials,1.0,,5355449856.0,6616744960.0,0.021389998,buy,2508999936.0,19.888,3875000064.0,10520999936.0,0.021
Textron Inc.,RI,Industrials,4.0,0.08,16017662976.0,18858586112.0,0.06671,buy,1344999936.0,7.179,3963000064.0,13896999936.0,0.03
Omeros Corporation,WA,Healthcare,10.0,,220777680.0,511436736.0,,buy,158912000.0,2.742,444356000.0,,
Amdocs Limited,MO,Technology,,1.92,9878500352.0,10240637952.0,0.10208999,buy,502171008.0,4.398,798948992.0,4983670784.0,0.011
Bloom Energy Corporation,CA,Industrials,7.0,,2322567168.0,3563011072.0,-0.21365999,buy,581683968.0,2.555,1722036992.0,1328248960.0,0.115
"OneStream, Inc.",MI,Technology,,,7959271936.0,5532332032.0,-0.00753,buy,140515008.0,0.877,19135000.0,437390016.0,0.358
Seaboard Corporation,KS,Industrials,6.0,9.0,3060765440.0,3828507392.0,0.0301,none,1151000064.0,1185.309,1879000064.0,9070000128.0,-0.077
Vontier Corporation,NC,Technology,1.0,0.1,5052119040.0,7038398976.0,0.13427,buy,331300000.0,2.155,2247899904.0,3006599936.0,-0.089
Ivanhoe Electric Inc.,AZ,Basic Materials,8.0,,955960128.0,976677248.0,,buy,133811000.0,1.111,83975000.0,2808000.0,-0.591
"Barnes Group, Inc.",CT,Industrials,4.0,0.64,1995619328.0,3121419264.0,-0.03737,buy,65909000.0,1.298,1168864000.0,1589400064.0,0.128
"ProSomnus, Inc.",CA,Healthcare,,,8175227.0,49170108.0,-0.87137,buy,6363000.0,0.366,41369000.0,27652000.0,0.353
"Newpark Resources, Inc.",TX,Energy,1.0,,593153344.0,661169984.0,0.03153,buy,35087000.0,0.406,74570000.0,714430016.0,-0.023
"Envestnet, Inc",PA,Technology,5.0,,3452241408.0,4315166208.0,-0.19329001,hold,121967000.0,2.208,986521984.0,1307702016.0,0.115
"Stoneridge, Inc.",MI,Consumer Cyclical,4.0,,305008256.0,478673312.0,0.0019699999,strong_buy,42112000.0,1.522,195295008.0,943894976.0,-0.112
PennyMac Mortgage Investment Tr,CA,Real Estate,4.0,1.6,1223002880.0,11359033344.0,0.34459,hold,221487008.0,2.55,9801270272.0,543769024.0,-0.318
"GRAIL, Inc.",CA,Healthcare,,,405501248.0,-471644288.0,,none,958844992.0,30.882,76110000.0,109739000.0,0.426
"Insperity, Inc.",TX,Industrials,4.0,2.4,3261720320.0,2993341696.0,0.02468,hold,692000000.0,18.434,424000000.0,6537870848.0,0.013
"WM Technology, Inc.",CA,Technology,,,154293200.0,163447376.0,-0.03648,hold,41292000.0,0.426,29103000.0,183446000.0,-0.052
"Desktop Metal, Inc.",MA,Technology,10.0,,152333552.0,246975248.0,-2.15567,hold,46032000.0,1.385,141462000.0,174628000.0,-0.269
"Nu Skin Enterprises, Inc.",UT,Consumer Defensive,3.0,0.24,340455968.0,660288384.0,-0.080520004,hold,242364000.0,4.876,558220032.0,1843799040.0,-0.122
Farmer Brothers Company,TX,Consumer Defensive,4.0,,41020796.0,94809424.0,-0.011360001,buy,5830000.0,0.274,59406000.0,341094016.0,-0.013
Hillenbrand Inc,IN,Industrials,1.0,0.89,1856783488.0,3925298688.0,-0.06673,buy,223800000.0,3.187,2193700096.0,3108000000.0,0.098
Enviva Inc.,MD,Basic Materials,,,29299472.0,1597436928.0,-0.29652,hold,315201984.0,4.231,1930727936.0,1130936960.0,-0.015
Element Solutions Inc.,FL,Basic Materials,5.0,0.32,6293270528.0,7941681152.0,0.082399994,buy,329400000.0,1.36,1928300032.0,2360399872.0,0.045
Cleveland-Cliffs Inc.,OH,Basic Materials,4.0,,5733490176.0,9503742976.0,0.00209,hold,110000000.0,0.235,3534000128.0,21007998976.0,-0.149
AMCON Distributing Company,NE,Consumer Defensive,,0.72,94201296.0,296627520.0,0.0029,none,719342.0,1.141,205214640.0,2091810944.0,0.046
Grocery Outlet Holding Corp.,CA,Consumer Defensive,5.0,,1592342400.0,3054356480.0,0.013040001,hold,67065000.0,0.684,1526139008.0,4159194880.0,0.117
"Genesis Energy, L.P.",TX,Energy,,0.6,1609176960.0,6752802304.0,0.02337,hold,13695000.0,0.112,3949347072.0,3108088064.0,-0.06
Bank First Corporation,WI,Financial Services,5.0,1.6,881005376.0,907311040.0,0.44416,hold,98950000.0,9.881,102321000.0,182756000.0,0.001
H. B. Fuller Company,MN,Basic Materials,4.0,0.89,4396076544.0,6496275968.0,0.046690002,hold,114823000.0,2.106,2134701056.0,3531037952.0,0.021
Stellus Capital Investment Corp,TX,Financial Services,,1.6,355435136.0,904967296.0,0.28549,hold,35867780.0,1.38,586438592.0,107810152.0,0.002
EPR Properties,MO,Real Estate,2.0,3.42,3723978496.0,6764749824.0,0.30287,hold,33731000.0,0.445,3038032896.0,692038976.0,-0.001
Telos Corporation,VA,Technology,6.0,,243505408.0,180312816.0,-0.22744,buy,80104000.0,1.109,11131000.0,135362000.0,-0.134
"Citizens, Inc.",TX,Financial Services,2.0,,171049296.0,148196144.0,0.08917,strong_buy,26344000.0,0.528,,246035008.0,0.061
"Superior Group of Companies, In",FL,Consumer Cyclical,6.0,0.56,248758416.0,330803744.0,0.02019,strong_buy,13374000.0,0.797,89380000.0,553945024.0,0.02
Genie Energy Ltd.,NJ,Utilities,10.0,0.3,446425472.0,321481920.0,0.01746,hold,124836000.0,4.642,1928000.0,440352992.0,-0.03
MoneyLion Inc.,NY,Technology,,,450366624.0,577458752.0,0.00401,buy,98361000.0,8.968,209112000.0,475072992.0,0.228
19801,MA,Financial Services,,0.5,177673184.0,,0.45509997,none,,,86840008.0,12314102.0,-0.069
Antero Midstream Corporation,CO,Energy,9.0,0.9,7281478656.0,,0.3395,hold,,,3186576896.0,1143527040.0,0.042
"Associated Capital Group, Inc.",CT,Financial Services,10.0,0.2,732346752.0,350869248.0,2.4648101,none,387376992.0,18.212,,13442000.0,0.089
Solaris Oilfield Infrastructure,TX,Energy,7.0,0.48,498112800.0,488813888.0,0.07191,buy,5059000.0,0.167,31879000.0,274799008.0,-0.043
"First Industrial Realty Trust, ",IL,Real Estate,4.0,1.48,7610224128.0,9736886272.0,0.44105998,buy,38545000.0,0.291,2243141120.0,643864000.0,0.075
Regions Financial Corporation,AL,Financial Services,7.0,1.0,20626917376.0,,0.26551,buy,,,,6591000064.0,0.156
Diversified Energy Company plc,AL,Energy,9.0,1.16,531305216.0,2232660992.0,0.20457001,buy,3483000.0,0.074,1697581056.0,699472000.0,-0.235
icad inc.,NH,Healthcare,5.0,,40849008.0,21096780.0,-0.121309996,buy,20353000.0,0.772,469000.0,18795000.0,0.206
Atmos Energy Corporation,TX,Utilities,8.0,3.22,21201721344.0,28114083840.0,0.2509,buy,948171008.0,6.108,7876078080.0,4094885120.0,0.059
"TKO Group Holdings, Inc.",NY,Communication Services,10.0,,9812756480.0,17231734784.0,-0.00219,buy,277532000.0,3.425,2996792064.0,2543924992.0,1.789
"THC Farmaceuticals, Inc",AZ,Healthcare,,,217579.0,833631.0,,none,30551.0,0.002,684223.0,18519.0,0.03
PHARMAROTH LABS INC,NV,,,,301.0,250111.0,-2.78604,none,33.0,,250000.0,200150.0,
TechnipFMC plc,TX,Energy,1.0,0.2,11493246976.0,13106362368.0,0.0533,buy,721000000.0,1.683,1881400064.0,8505099776.0,0.179
MFS Multimarket Income Trust,MA,Financial Services,,0.4,267694048.0,360714368.0,0.855,none,1425633.0,0.026,95000000.0,22839010.0,-0.043
"Carisma Therapeutics, Inc.",PA,Healthcare,8.0,,40514684.0,2251488.0,,strong_buy,41910000.0,1.009,3759000.0,20710000.0,1.583
a.k.a. Brands Holding Corp.,CA,Consumer Cyclical,10.0,,266361648.0,415906464.0,-0.17188999,hold,25466000.0,2.415,164360000.0,555516032.0,0.095
"Franklin Resources, Inc.",CA,Financial Services,7.0,1.24,10778989568.0,13667186688.0,0.102390006,hold,3378500096.0,6.46,4010599936.0,8252899840.0,0.078
"ARCA biopharma, Inc.",CO,Healthcare,,,34817184.0,3008857.0,,none,33283000.0,2.294,24000.0,,
"Sterling Bancorp, Inc.",MI,Financial Services,8.0,,245416448.0,-347608704.0,0.09284,buy,605006016.0,11.562,12504000.0,69973000.0,-0.196
"Spirit Airlines, Inc.",FL,Industrials,6.0,,252986576.0,6825165312.0,-0.13201,underperform,840083968.0,7.671,7405690880.0,5126729216.0,-0.106
70968,NY,Financial Services,,0.37,194071248.0,,0.90166,none,,,50000000.0,9864271.0,-0.019
Atlantic Union Bankshares Corpo,VA,Financial Services,2.0,1.28,3323759360.0,4342300160.0,0.26529,buy,548625024.0,6.111,1522099968.0,700574016.0,0.096
"Ventas, Inc.",IL,Real Estate,3.0,1.8,26912608256.0,39616126976.0,-0.03333,buy,557081984.0,1.348,13388186624.0,4706334208.0,0.083
AllianceBernstein Holding L.P.,TN,Financial Services,,2.86,3986448640.0,,,buy,,,,,
"Carter's, Inc.",GA,Consumer Cyclical,2.0,3.2,2392720640.0,3181976576.0,0.08288,hold,316646016.0,8.763,1063262016.0,2875440896.0,-0.06
ManpowerGroup,WI,Industrials,2.0,3.08,3419570176.0,4536375296.0,0.0025,hold,468900000.0,9.882,1491299968.0,18230099968.0,-0.069
Clough Global Opportunities Fun,MA,Financial Services,,0.58,231282544.0,282398816.0,3.8247101,buy,35322.0,0.001,52000000.0,8364918.0,-0.219
"NRG Energy, Inc.",TX,Utilities,9.0,1.63,18417350656.0,29324914688.0,0.07191,buy,396000000.0,1.919,10926000128.0,28841000960.0,0.049
"Big Lots, Inc.",OH,Consumer Defensive,1.0,,14746018.0,2346989056.0,-0.10436,buy,43985000.0,1.482,2376228096.0,4607633920.0,-0.102
"General American Investors, Inc",NY,Financial Services,,0.55,1247055232.0,1437836288.0,11.01854,none,263000.0,0.011,2694347.0,26748280.0,0.011
SANTA FE PETE INC,TX,Energy,,,2113930.0,338324.0,,none,281811.0,0.002,620020.0,17101.0,-0.623
CAPSTONE TECHNOLOGIES GROUP INC,NC,Technology,,,3826599.0,16450903.0,,none,2244495.0,0.411,9493799.0,,
"Prestige Cars International, In",FL,Consumer Cyclical,,,172240.0,,,none,,,,,
Permianville Royalty Trust Trus,TX,Energy,,0.08,54120000.0,52930324.0,2.28981,none,1519676.0,0.046,,3338026.0,-0.993
ENDURANCE EXPLORATION GROUP INC,FL,Industrials,,,1255800.0,660860.0,,none,1195.0,,645311.0,,
Abeona Therapeutics Inc.,OH,Healthcare,,,256854384.0,149947920.0,,buy,122708000.0,2.833,23165000.0,,
"Flowers Foods, Inc.",GA,Consumer Defensive,2.0,0.96,4828988928.0,5813919232.0,0.025139999,hold,292270016.0,1.38,1248548992.0,5130087936.0,
Marriott Vacations Worldwide Co,FL,Consumer Cyclical,4.0,3.04,2580881664.0,7818767872.0,0.05185,hold,206000000.0,5.876,5359000064.0,3104999936.0,-0.074
Americann Inc.,CO,Real Estate,,,634192.0,9700531.0,-0.59470004,none,210640.0,0.009,9289176.0,1588194.0,-0.704
ATI Inc.,TX,Industrials,4.0,,8142434816.0,9903241216.0,0.0908,buy,425600000.0,3.419,2170800128.0,4227800064.0,0.047
AERKOMM INC,CA,Technology,,,46965028.0,78017872.0,,none,1156154.0,0.063,31824288.0,332430.0,
Gen Digital Inc.,AZ,Technology,1.0,0.5,16459138048.0,24674281472.0,0.1591,buy,644000000.0,1.046,8576000000.0,3833999872.0,0.023
"TriNet Group, Inc.",CA,Industrials,4.0,1.0,4734314496.0,5616638464.0,0.063140005,buy,249000000.0,5.013,1104999936.0,4957000192.0,0.014
Solventum Corporation,MN,Healthcare,,,11955056640.0,19505649664.0,0.12891,hold,897000000.0,5.194,8305999872.0,8207000064.0,0.002
"Flux Power Holdings, Inc.",CA,Industrials,,,51382100.0,65471868.0,-0.110290006,buy,1250000.0,0.075,16174000.0,63850000.0,-0.042
"RPC, Inc.",GA,Energy,7.0,0.16,1361006848.0,1175522688.0,0.080749996,hold,261516000.0,1.235,28339000.0,1466934016.0,-0.124
"Paymentus Holdings, Inc.",NC,Technology,,,2636422912.0,2536763136.0,0.046269998,hold,188810000.0,1.517,9491000.0,699520000.0,0.326
Smartsheet Inc.,WA,Technology,5.0,,7703066624.0,7042896384.0,-0.04068,buy,706569024.0,5.085,43243000.0,1042262976.0,0.173
Icahn Enterprises L.P. - Deposi,FL,Energy,,4.0,6318903296.0,13255259136.0,-0.04902,strong_buy,2217999872.0,4.665,7155999744.0,10282000384.0,-0.137
BANNEKER INC,CO,Consumer Cyclical,,,4235060.0,,-0.3807,none,-2096.0,,1563000.0,156700.0,8.945
"Optec International, Inc.",CA,Consumer Cyclical,,,2980312.0,869663.0,,none,9241.0,0.001,871209.0,15553.0,
"The RealReal, Inc.",CA,Consumer Cyclical,6.0,,335258816.0,751709248.0,-0.16354999,buy,150746000.0,1.389,553091008.0,565278976.0,0.108
SOFTECH INC,MA,Technology,,,105520.0,-293924.0,0.55424,none,345000.0,0.458,51000.0,3457000.0,-0.512
"GEN Restaurant Group, Inc.",CA,Consumer Cyclical,,,276729888.0,191022064.0,0.0055400003,buy,29229000.0,6.011,147584000.0,195292000.0,0.159
"NewtekOne, Inc.",FL,Financial Services,9.0,0.76,311827648.0,822853568.0,0.14072,hold,169506000.0,6.528,658196992.0,301043008.0,0.217
"Gibraltar Industries, Inc.",NY,Industrials,3.0,,2085068544.0,1974839936.0,0.08487,buy,179102000.0,5.876,32601000.0,1365065984.0,-0.033
Dreyfus Strategic Municipal Bon,NY,Financial Services,,0.22,308435072.0,,0.55826,none,,,107736216.0,21462172.0,0.103
Rand Capital Corporation,NY,Financial Services,,1.16,42302916.0,58526028.0,1.37425,none,2293226.0,0.888,17200000.0,7874601.0,0.177
Natural Resource Partners LP Li,TX,Energy,,3.0,1239533952.0,1460385024.0,0.81881,hold,32340000.0,2.478,213726000.0,277560992.0,-0.109
Core Laboratories Inc.,TX,Energy,5.0,0.04,875865728.0,1090205184.0,0.04615,hold,17695000.0,0.377,201282000.0,513767008.0,0.021
"Affiliated Managers Group, Inc.",FL,Financial Services,2.0,0.04,5221325824.0,8319554560.0,0.31500998,buy,1032800000.0,34.641,2717600000.0,2028199936.0,-0.024
"Avalo Therapeutics, Inc.",MD,Healthcare,,,88308800.0,-70155232.0,,strong_buy,93426000.0,90.343,1731000.0,807000.0,
"Alexander's, Inc.",NJ,Real Estate,8.0,18.0,1219110144.0,1910983808.0,0.22102,underperform,423748000.0,82.969,1103211008.0,233136992.0,-0.005
IDEX Corporation,IL,Industrials,6.0,2.76,15825038336.0,16701057024.0,0.18194,buy,705100032.0,9.314,1321100032.0,3190000128.0,-0.046
Espey Mfg. & Electronics Corp.,NY,Industrials,,0.78,59396624.0,39227768.0,0.13582,hold,21124738.0,8.397,,35468212.0,-0.159
"Plug Power, Inc.",NY,Industrials,6.0,,1715290240.0,2683330816.0,-2.16803,hold,62359000.0,0.071,916046976.0,684486016.0,-0.449
EQT Corporation,PA,Energy,4.0,0.63,20886059008.0,20667348992.0,0.15722,buy,29974000.0,0.068,4951785984.0,4428963840.0,0.016
"BILL Holdings, Inc.",CA,Technology,7.0,,5565756416.0,5044946432.0,-0.02238,buy,1587475968.0,14.88,989838016.0,1290172032.0,0.161
BRAVADA INTERNATIONAL LTD,CA,Consumer Cyclical,,,187456.0,3710.0,-0.05316,none,53164.0,,50000.0,2664621.0,-0.689
Stifel Financial Corporation,MO,Financial Services,2.0,1.68,9517306880.0,8304277504.0,0.12292,hold,4672972800.0,45.584,2775991040.0,4551923200.0,0.165
REVIUM RECOVERY INC,CA,Healthcare,,,57929100.0,367464.0,,none,33526.0,0.456,378955.0,11393.0,
"Collegium Pharmaceutical, Inc.",MA,Healthcare,4.0,,1204796160.0,1505185664.0,0.17322999,buy,271631008.0,8.432,559459008.0,576652992.0,0.072
"F&G Annuities & Life, Inc.",IA,Financial Services,7.0,0.84,5308767744.0,3624449280.0,0.062080003,hold,3947000064.0,31.301,2076999936.0,5234999808.0,0.005
"Safety Shot, Inc.",FL,Consumer Defensive,,,60925480.0,62887692.0,,none,3281503.0,0.063,2709675.0,1025549.0,29.476
"OPENLANE, Inc.",IN,Consumer Cyclical,7.0,,1788954880.0,4287504896.0,0.033940002,buy,60900000.0,0.561,1911100032.0,1655699968.0,0.036
"FiscalNote Holdings, Inc.",DC,Technology,10.0,,175738512.0,303920320.0,-0.21121,buy,37704000.0,0.27,174254000.0,129632000.0,-0.109
ACADIA Pharmaceuticals Inc.,CA,Healthcare,6.0,,2541220352.0,2184190720.0,0.03432,buy,500942016.0,3.02,57656000.0,890534016.0,0.464
Lincoln Educational Services Co,NJ,Consumer Defensive,5.0,,377069280.0,460442560.0,0.01949,buy,66987000.0,2.128,146583008.0,408422016.0,0.161
"Castellum, Inc.",MD,Technology,,,9779956.0,19423650.0,-0.37945998,buy,2411825.0,0.043,11807966.0,45688440.0,-0.076
SILVER VERDE MAY MINING CO INC,ID,Basic Materials,,,1451835.0,564062.0,,none,219045.0,0.011,90963.0,2500.0,
"Eastside Distilling, Inc.",OR,Consumer Defensive,,,1438488.0,15183925.0,-0.68371004,none,420000.0,0.238,14731000.0,10348000.0,0.109
"Dreyfus Strategic Municipals, I",NY,Financial Services,,0.23,408005408.0,515744384.0,-1.13652,none,1016997.0,0.016,110625000.0,29832296.0,-0.03
MCAP Inc.,NJ,Technology,,,132910248.0,2144305.0,-0.62854,none,219421.0,7.776,2208518.0,2135850.0,
"SiNtx Technologies, Inc.",UT,Healthcare,,,2481012.0,2140323.0,-2.75144,buy,4557000.0,6.098,4164000.0,3126000.0,0.691
"Senseonics Holdings, Inc.",MD,Healthcare,9.0,,192806656.0,197589632.0,,hold,84627000.0,0.158,59252000.0,24039000.0,0.179
ENVIRONMENTAL PACKAGING TEC HLD,TX,,,,67.0,,-0.24514,none,819665.0,,6127794.0,15970858.0,-0.31
"Carter Bankshares, Inc.",VA,Financial Services,5.0,,401005248.0,577491840.0,0.09825,strong_buy,81338000.0,3.525,257364000.0,125733000.0,0.066
Flowserve Corporation,TX,Industrials,1.0,0.84,6853781504.0,7835811840.0,0.056750003,buy,515083008.0,3.921,1454770944.0,4504266752.0,0.071
"Tortoise Midstream Energy Fund,",KS,Financial Services,,3.08,248427264.0,,,none,,,,,
LMP Capital and Income Fund Inc,NY,Financial Services,,1.36,298883232.0,,6.3986797,none,,,67000000.0,9921745.0,0.897
"SIFCO Industries, Inc.",OH,Industrials,,,28983638.0,72361448.0,-0.07925,none,3409000.0,0.552,47034000.0,101482000.0,0.339
Nordicus Partners Corp.,CA,Industrials,,,28780876.0,31390392.0,,none,26726.0,0.001,,2500.0,
"Enact Holdings, Inc.",NC,Financial Services,3.0,0.74,5603571200.0,5626817536.0,0.56186,none,711347968.0,4.569,742368000.0,1185634944.0,0.077
Towne Bank,VA,Financial Services,7.0,1.0,2438797568.0,2619420672.0,0.22633,hold,241994000.0,3.272,380936992.0,668083008.0,-0.016
"Dun & Bradstreet Holdings, Inc.",FL,Financial Services,7.0,0.2,4970092544.0,8447662080.0,-0.014199999,buy,305300000.0,0.691,3702299904.0,2359600128.0,0.039
"Salem Media Group, Inc.",CA,Communication Services,,,7008326.0,,-0.13656001,buy,,,216855008.0,248610000.0,-0.079
"American Financial Group, Inc.",OH,Financial Services,3.0,2.84,11350505472.0,11945367552.0,0.1158,hold,1186000000.0,14.135,1728000000.0,7694000128.0,0.042
PROTEONOMIX INC,NJ,Healthcare,,,159793.0,309955.0,,none,2398357.0,0.303,2707707.0,26004.0,
"Interlink Electronics, Inc.",CA,Technology,,,35017944.0,31713676.0,-0.12829,buy,3960000.0,0.401,851000.0,12635000.0,-0.284
Masco Corporation,MI,Industrials,8.0,1.16,17964075008.0,21128566784.0,0.11589,buy,398000000.0,1.824,3192999936.0,7878000128.0,-0.017
Asbury Automotive Group Inc,GA,Consumer Cyclical,3.0,,4629389312.0,9751818240.0,0.025120001,hold,106000000.0,5.305,5257600000.0,15925300224.0,0.135
ASA  Gold and Precious Metals L,ME,Financial Services,,0.04,409331680.0,412147328.0,26.573292,none,77926.0,0.004,,2356231.0,-0.16
EchoStar Corporation,CO,Technology,10.0,,6982201856.0,31758936064.0,-0.15279001,hold,520576992.0,1.916,25338927104.0,16239064064.0,-0.093
ARKANOVA ENERGY COMPANY,TX,Energy,,,135456.0,14910367.0,,none,74755.0,0.001,14979704.0,351312.0,0.131
"Ideanomics, Inc.",NY,Industrials,,,1404788.0,44740476.0,,hold,1249000.0,0.062,42542000.0,15459000.0,52.0
"Cara Therapeutics, Inc.",CT,Healthcare,8.0,,15225416.0,5886605.0,,hold,56618000.0,1.032,47164000.0,10996000.0,-0.857
"Penumbra, Inc.",CA,Healthcare,7.0,,7259536384.0,7323852288.0,0.012560001,buy,339695008.0,8.745,228818000.0,1133682944.0,0.145
"Source Capital, Inc.",CA,Financial Services,,2.5,360255584.0,361245184.0,2.36351,none,35596.0,0.004,,21155720.0,0.182
ACRES Commercial Realty Corp.,NY,Real Estate,7.0,,123924640.0,1662862336.0,0.33682,buy,89622000.0,12.279,1626622976.0,76816000.0,-0.063
American Superconductor Corpora,MA,Industrials,5.0,,894206976.0,831022144.0,-0.05291,buy,93455000.0,2.44,4230000.0,155675008.0,0.332
Sotherly Hotels Inc.,VA,Real Estate,,2.0,49887752.0,325268768.0,0.0188,hold,18904792.0,0.975,321386016.0,178341984.0,0.034
National Research Corporation,NE,Healthcare,5.0,0.48,523497632.0,573555456.0,0.20009,hold,485000.0,0.02,42905000.0,146280000.0,-0.032
Westrock Coffee Company,AR,Consumer Defensive,7.0,,585513856.0,1396776960.0,-0.0537,buy,24316000.0,0.275,537769024.0,835467008.0,-0.073
"Sutro Biopharma, Inc.",CA,Healthcare,8.0,,272119456.0,-120789560.0,-0.73483,buy,425992000.0,5.197,26526000.0,169359008.0,1.469
"The Duckhorn Portfolio, Inc.",CA,Consumer Defensive,9.0,,817609088.0,1142549504.0,0.15693,hold,15735000.0,0.107,328324992.0,398180992.0,0.014
Bio-Techne Corp,MN,Healthcare,10.0,0.32,11890516992.0,12545518592.0,0.14503999,buy,152863008.0,0.964,419537984.0,1159059968.0,0.016
Nuveen Missouri Quality Municip,IL,Financial Services,,0.81,25332892.0,42969828.0,0.43742,none,800000.0,0.34,18436914.0,1948379.0,0.068
"Altimmune, Inc.",MD,Healthcare,6.0,,497496992.0,342979168.0,,buy,164908000.0,2.32,1862000.0,409000.0,-0.167
"Mentor Capital, Inc.",TX,Financial Services,,,1397076.0,-1270457.0,9301.151,none,2551108.0,0.11,,291.0,
"ARMOUR Residential REIT, Inc.",FL,Real Estate,7.0,2.88,986528064.0,-1870457472.0,,hold,9949650944.0,204.03,7081442816.0,-59345000.0,
Invesco Trust for Investment Gr,GA,Financial Services,,0.78,568893696.0,891480256.0,1.08699,none,1534116.0,0.028,319782464.0,43416664.0,-0.042
NextDecade Corporation,TX,Energy,7.0,,1286991104.0,4865972224.0,,buy,38142000.0,0.147,2981680896.0,,
"Arch Resources, Inc.",MO,Basic Materials,2.0,4.14,2412445696.0,2298345984.0,0.09356,buy,279289984.0,15.444,142742000.0,2772058880.0,-0.196
"Orion Group Holdings, Inc.",TX,Industrials,,,204540000.0,322658944.0,-0.02446,buy,4837000.0,0.145,141286000.0,722908992.0,0.053
"Great Elm Group, Inc.",FL,Financial Services,,,58244304.0,10406396.0,-0.07783,hold,116503000.0,3.82,61184000.0,17834000.0,1.947
Geospace Technologies Corporati,TX,Energy,4.0,,131280464.0,91799752.0,0.0828,none,42516000.0,3.294,583000.0,129475000.0,-0.21
WOWIO INC,CA,Communication Services,,,277996.0,1881193.0,,none,6573.0,,1884511.0,,
Acco Brands Corporation,IL,Industrials,1.0,0.3,508686304.0,1480766336.0,-0.10151,strong_buy,112700000.0,1.176,1075200000.0,1733799936.0,-0.112
Naples Soap Company Inc.,FL,Consumer Defensive,,,15822937.0,,,none,,,,,
EVERLERT INC,CA,Communication Services,,,70921.0,125463.0,27.09469,none,84659.0,0.001,210000.0,35000.0,
NOVATION HLDGS INC,NY,Financial Services,,,2004009.0,508241.0,,none,100459.0,,600957.0,560018.0,0.907
"Alexander & Baldwin, Inc.",HI,Real Estate,1.0,0.89,1417577600.0,1855895552.0,0.18257,buy,36569000.0,0.504,469804000.0,220308000.0,-0.03
OPUS MAGNUM AMERIS INC,NY,Financial Services,,,1995600.0,5311388.0,,none,1396.0,0.001,5311129.0,,
Sphere 3D Corp.,CT,Financial Services,,,18440704.0,11312452.0,-0.69636,buy,13805000.0,0.666,,25026000.0,-0.146
Chain Bridge I,DE,Financial Services,,,75454480.0,76374928.0,,none,2267.0,,296942.0,,
"Allete, Inc.",MN,Utilities,1.0,2.82,3707825920.0,6026139136.0,0.14364,hold,37500000.0,0.649,1801600000.0,1539299968.0,-0.335
"DNP Select Income Fund, Inc.",IL,Financial Services,,0.78,3642306816.0,4706933248.0,-0.93413,none,39536052.0,0.108,1104160640.0,149936688.0,0.128
"Adams Natural Resources Fund, I",MD,Financial Services,,2.16,583141952.0,591900864.0,4.5843797,none,150854.0,0.006,,20665906.0,-0.05
Cooper-Standard Holdings Inc.,MI,Consumer Cyclical,4.0,,233285584.0,1337650304.0,-0.054279998,buy,93793000.0,5.416,1202699008.0,2794468096.0,-0.021
"Avis Budget Group, Inc.",NJ,Industrials,4.0,,2936938496.0,30201483264.0,0.06582,buy,511000000.0,14.328,27595999232.0,11927000064.0,-0.024
NewMarket Corp,VA,Basic Materials,3.0,10.0,5278295552.0,6492588032.0,0.15125,hold,87632000.0,9.134,1245607040.0,2717464064.0,0.037
"Sunstone Hotel Investors, Inc. ",CA,Real Estate,1.0,0.36,2157469184.0,3156769792.0,0.19507,hold,161398000.0,0.794,828608000.0,931571968.0,-0.102
High Income Securities Fund,MA,Financial Services,,0.75,197804128.0,,0.77447,none,,,,7614485.0,-0.466
Associated Banc-Corp,WI,Financial Services,1.0,0.88,3194574080.0,6477473280.0,0.18958999,hold,1003166976.0,6.756,4108782080.0,997849984.0,-0.009
Barings Corporate Investors,NC,Financial Services,,1.6,394090336.0,407274976.0,0.86552,none,11934501.0,0.587,30000000.0,41585296.0,0.07
MRC Global Inc.,TX,Energy,4.0,,1063751424.0,1737570816.0,0.03188,buy,49000000.0,0.575,361000000.0,3294000128.0,-0.045
"AMC Entertainment Holdings, Inc",KS,Communication Services,9.0,,1582734976.0,9535024128.0,-0.081470005,underperform,770300032.0,2.132,8672000000.0,4492299776.0,-0.235
CTS Corporation,IL,Technology,2.0,0.16,1433840000.0,1389190912.0,0.10699,hold,162428992.0,5.349,92575000.0,515158016.0,-0.103
"Bio-Rad Laboratories, Inc.",CA,Healthcare,10.0,,8788981760.0,8915098624.0,-0.51729,hold,1616105984.0,57.986,1392695040.0,2562604032.0,-0.063
Kilroy Realty Corporation,CA,Real Estate,6.0,2.16,4599196672.0,9303387136.0,0.17913,hold,835892992.0,7.121,5249324032.0,1111922048.0,-0.012
Compass Minerals Intl Inc,KS,Basic Materials,3.0,0.6,469551968.0,1372061952.0,-0.12467,hold,18100000.0,0.438,935400000.0,1514400000.0,-0.25
MFS Charter Income Trust,MA,Financial Services,,0.54,271206176.0,366614304.0,1.01124,none,11894.0,,95000000.0,22395364.0,0.031
"Gray Television, Inc.",GA,Communication Services,8.0,0.32,508825344.0,7275298816.0,0.0184,hold,75000000.0,0.786,6211999744.0,3316000000.0,0.016
"Alamo Group, Inc.",TX,Industrials,3.0,1.04,2148609536.0,2396749824.0,0.07557,strong_buy,118535000.0,9.829,311564000.0,1679074944.0,-0.055
"Signing Day Sports, Inc.",AZ,Technology,,,5437121.0,5842566.0,,none,2200325.0,0.13,2982640.0,576337.0,0.755
The Gabelli Healthcare & Wellne,NY,Financial Services,,0.6,172647712.0,,,none,,,,,
Bowhead Specialty Holdings Inc.,NY,Financial Services,,,915426176.0,731498688.0,0.07472,hold,180324000.0,5.521,4234000.0,348467008.0,0.511
TD SYNNEX Corporation,CA,Technology,4.0,1.6,10023567360.0,13581494272.0,0.011410001,buy,1173648000.0,13.733,4595698176.0,56291082240.0,-0.008
Tanger Inc.,NC,Real Estate,2.0,1.1,3552911616.0,5104163840.0,0.19451,buy,12630000.0,0.115,1545524992.0,507240000.0,0.174
Standard BioTools Inc.,CA,Healthcare,8.0,,679211776.0,234201440.0,-0.87049,buy,28451000.0,0.371,111648000.0,136300000.0,-0.142
"Mirion Technologies, Inc.",GA,Industrials,4.0,,2477862144.0,2819612928.0,-0.0789,buy,127800000.0,0.618,719100032.0,821299968.0,0.05
"American Assets Trust, Inc.",CA,Real Estate,7.0,1.34,2084327168.0,3206808320.0,0.121199995,hold,123386000.0,2.026,1712956032.0,440799008.0,0.011
Advantage Solutions Inc.,MO,Communication Services,8.0,,1134704512.0,2798675200.0,-0.02777,hold,169788000.0,0.53,1782471040.0,4071143936.0,-0.094
Mexco Energy Corporation,TX,Energy,,0.1,27528016.0,26197910.0,0.17774999,none,2514715.0,1.206,162911.0,6584300.0,-0.012
733085,TX,Financial Services,,6.48,109242408.0,,,none,,,,,
"Emerald Holding, Inc.",NY,Communication Services,10.0,0.06,993124480.0,1162942720.0,0.00254,buy,193200000.0,0.947,414000000.0,393400000.0,-0.006
Booz Allen Hamilton Holding Cor,VA,Industrials,2.0,2.04,20658933760.0,23963596800.0,0.05567,buy,305952992.0,2.368,3632613888.0,10949207040.0,0.108
"AptarGroup, Inc.",IL,Healthcare,2.0,1.8,10432273408.0,11333780480.0,0.09002,buy,223891008.0,3.372,1145488000.0,3556987904.0,0.016
Radian Group Inc.,PA,Financial Services,2.0,0.98,5196976640.0,6547312128.0,0.47088,hold,718190016.0,4.775,2038446976.0,1281721984.0,0.109
PBF Energy Inc.,NJ,Energy,3.0,1.0,3594161920.0,4493293056.0,0.020920001,hold,1367200000.0,11.671,2065299968.0,37253898240.0,-0.046
Pilgrim's Pride Corporation,CO,Consumer Defensive,6.0,,10108554240.0,12368266240.0,0.04249,hold,1317086976.0,5.554,3458520064.0,17809745920.0,0.058
KOALA CORP,VA,Industrials,,,542266.0,,,none,,,,,
Saratoga Investment Corp New,NY,Financial Services,,2.96,315466112.0,1099753344.0,0.106639996,buy,32228082.0,2.345,814591552.0,147766016.0,0.117
Tellurian Inc.,TX,Energy,9.0,,864916352.0,1098438528.0,-1.58232,hold,19446000.0,0.022,268752000.0,166128000.0,
ALCHEMY CREATIVE INC,TX,,,,6012.0,233872.0,-0.93696,none,271171.0,6.782,505039.0,3719470.0,-0.514
MFS Intermediate Income Trust,MA,Financial Services,,0.24,311252768.0,,0.31009,none,,,,12195321.0,0.113
